Workbook
Name NativeTimeline_Week_Start_Date1: #N/A
Name Slicer_Content_Type: #N/A
Name Slicer_Platform: #N/A
Name Slicer_Platform1: #N/A
Name Slicer_Week_Start_Date: #N/A

Sheet Posts
A1: Post ID | B1: Platform | C1: Date | D1: Content Type | E1: Post Text | F1: Likes | G1: Shares | H1: Comments | I1: Impressions | J1: Reach | K1: Clicks | L1: Hashtags Used.1 | M1: Hashtags Used.2 | N1: Campaign_Name | O1: ENGAGEMENT RATE | P1: Start_Date | Q1: End_Date | R1: status of cmpign
A2: SP001 | B2: Instagram | C2: 45781 | D2: Text | E2: Discover fresh beats on Spotify! | F2: 2414 | G2: 245 | H2: 137 | I2: 21181 | J2: 45292 | K2: 133 | L2: #SoundtrackOfLife | M2: #NowPlaying | N2: ChillVibes | O2: =(F2+G2+H2)/I2 -> 0.1320051 | P2: =(_xlfn.XLOOKUP(Table1__3[[#This Row],[Campaign_Name]],Table3[Campaign_Name],Table3[Start_Date])) -> 45667 | Q2: =(_xlfn.XLOOKUP(Table1__3[[#This Row],[Campaign_Name]],Table3[Campaign_Name],Table3[End_Date])) -> 45698 | R2: =IF(Table1__3[[#This Row],[Date]] < Table1__3[[#This Row],[Start_Date]], "Before", IF(AND(Table1__3[[#This Row],[Date]] >= Table1__3[[#This Row],[Start_Date]], Table1__3[[#This Row],[Date]] <= Table1__3[[#This Row],[End_Date]]), "During", "After")) -> After
A3: SP002 | B3: Instagram | C3: 45689 | D3: Text | E3: Explore the latest podcasts now. | F3: 1934 | G3: 210 | H3: 393 | I3: 29129 | J3: 73287 | K3: 273 | L3: #DiscoverWeekly | N3: IndieWave | O3: =(F3+G3+H3)/I3 -> 0.087095335 | P3: =(_xlfn.XLOOKUP(Table1__3[[#This Row],[Campaign_Name]],Table3[Campaign_Name],Table3[Start_Date])) -> 45717 | Q3: =(_xlfn.XLOOKUP(Table1__3[[#This Row],[Campaign_Name]],Table3[Campaign_Name],Table3[End_Date])) -> 45747 | R3: =IF(Table1__3[[#This Row],[Date]] < Table1__3[[#This Row],[Start_Date]], "Before", IF(AND(Table1__3[[#This Row],[Date]] >= Table1__3[[#This Row],[Start_Date]], Table1__3[[#This Row],[Date]] <= Table1__3[[#This Row],[End_Date]]), "During", "After")) -> Before
A4: SP003 | B4: Twitter | C4: 45629 | D4: Story | E4: New music just dropped. Hit play! | F4: 3092 | G4: 177 | H4: 81 | I4: 47533 | J4: 29220 | K4: 121 | L4: #MusicForEveryone | M4: #NowPlaying | N4: ChillVibes | O4: =(F4+G4+H4)/I4 -> 0.070477353 | P4: =(_xlfn.XLOOKUP(Table1__3[[#This Row],[Campaign_Name]],Table3[Campaign_Name],Table3[Start_Date])) -> 45667 | Q4: =(_xlfn.XLOOKUP(Table1__3[[#This Row],[Campaign_Name]],Table3[Campaign_Name],Table3[End_Date])) -> 45698 | R4: =IF(Table1__3[[#This Row],[Date]] < Table1__3[[#This Row],[Start_Date]], "Before", IF(AND(Table1__3[[#This Row],[Date]] >= Table1__3[[#This Row],[Start_Date]], Table1__3[[#This Row],[Date]] <= Table1__3[[#This Row],[End_Date]]), "During", "After")) -> Before
A5: SP004 | B5: Instagram | C5: 45629 | D5: Text | E5: Wrapped is here! Relive your top tracks ðŸŽ§ | F5: 3173 | G5: 229 | H5: 197 | I5: 29604 | J5: 21809 | K5: 272 | L5: #SoundtrackOfLife | M5: #NowPlaying | N5: ChillVibes | O5: =(F5+G5+H5)/I5 -> 0.12157141 | P5: =(_xlfn.XLOOKUP(Table1__3[[#This Row],[Campaign_Name]],Table3[Campaign_Name],Table3[Start_Date])) -> 45667 | Q5: =(_xlfn.XLOOKUP(Table1__3[[#This Row],[Campaign_Name]],Table3[Campaign_Name],Table3[End_Date])) -> 45698 | R5: =IF(Table1__3[[#This Row],[Date]] < Table1__3[[#This Row],[Start_Date]], "Before", IF(AND(Table1__3[[#This Row],[Date]] >= Table1__3[[#This Row],[Start_Date]], Table1__3[[#This Row],[Date]] <= Table1__3[[#This Row],[End_Date]]), "During", "After")) -> Before
A6: SP005 | B6: YouTube | C6: 45388 | D6: Text | E6: Music that moves youâ€”only on Spotify. | F6: 2748 | G6: 145 | H6: 315 | I6: 24401 | J6: 61182 | K6: 200 | L6: #DiscoverWeekly | M6: #SpotifyWrapped | N6: IndieWave | O6: =(F6+G6+H6)/I6 -> 0.13147002 | P6: =(_xlfn.XLOOKUP(Table1__3[[#This Row],[Campaign_Name]],Table3[Campaign_Name],Table3[Start_Date])) -> 45717 | Q6: =(_xlfn.XLOOKUP(Table1__3[[#This Row],[Campaign_Name]],Table3[Campaign_Name],Table3[End_Date])) -> 45747 | R6: =IF(Table1__3[[#This Row],[Date]] < Table1__3[[#This Row],[Start_Date]], "Before", IF(AND(Table1__3[[#This Row],[Date]] >= Table1__3[[#This Row],[Start_Date]], Table1__3[[#This Row],[Date]] <= Table1__3[[#This Row],[End_Date]]), "During", "After")) -> Before
A7: SP006 | B7: YouTube | C7: 45456 | D7: Text | E7: Whatâ€™s your vibe today? #SpotifyHits | F7: 3882 | G7: 239 | H7: 275 | I7: 58748 | J7: 44646 | K7: 149 | L7: #DiscoverWeekly | M7: #SpotifyWrapped | N7: IndieWave | O7: =(F7+G7+H7)/I7 -> 0.074828079 | P7: =(_xlfn.XLOOKUP(Table1__3[[#This Row],[Campaign_Name]],Table3[Campaign_Name],Table3[Start_Date])) -> 45717 | Q7: =(_xlfn.XLOOKUP(Table1__3[[#This Row],[Campaign_Name]],Table3[Campaign_Name],Table3[End_Date])) -> 45747 | R7: =IF(Table1__3[[#This Row],[Date]] < Table1__3[[#This Row],[Start_Date]], "Before", IF(AND(Table1__3[[#This Row],[Date]] >= Table1__3[[#This Row],[Start_Date]], Table1__3[[#This Row],[Date]] <= Table1__3[[#This Row],[End_Date]]), "During", "After")) -> Before
A8: SP007 | B8: Twitter | C8: 45645 | D8: Story | E8: Get into the groove with our new drop! | F8: 4674 | G8: 409 | H8: 327 | I8: 20756 | J8: 63599 | K8: 212 | L8: #SoundtrackOfLife | M8: #NowPlaying | N8: ChillVibes | O8: =(F8+G8+H8)/I8 -> 0.26064752 | P8: =(_xlfn.XLOOKUP(Table1__3[[#This Row],[Campaign_Name]],Table3[Campaign_Name],Table3[Start_Date])) -> 45667 | Q8: =(_xlfn.XLOOKUP(Table1__3[[#This Row],[Campaign_Name]],Table3[Campaign_Name],Table3[End_Date])) -> 45698 | R8: =IF(Table1__3[[#This Row],[Date]] < Table1__3[[#This Row],[Start_Date]], "Before", IF(AND(Table1__3[[#This Row],[Date]] >= Table1__3[[#This Row],[Start_Date]], Table1__3[[#This Row],[Date]] <= Table1__3[[#This Row],[End_Date]]), "During", "After")) -> Before
A9: SP008 | B9: Twitter | C9: 45421 | D9: Story | E9: Wrapped is here! Relive your top tracks ðŸŽ§ | F9: 1428 | G9: 347 | H9: 67 | I9: 21148 | J9: 19712 | K9: 120 | L9: #DiscoverWeekly | M9: #MusicForEveryone | N9: ChillVibes | O9: =(F9+G9+H9)/I9 -> 0.087100435 | P9: =(_xlfn.XLOOKUP(Table1__3[[#This Row],[Campaign_Name]],Table3[Campaign_Name],Table3[Start_Date])) -> 45667 | Q9: =(_xlfn.XLOOKUP(Table1__3[[#This Row],[Campaign_Name]],Table3[Campaign_Name],Table3[End_Date])) -> 45698 | R9: =IF(Table1__3[[#This Row],[Date]] < Table1__3[[#This Row],[Start_Date]], "Before", IF(AND(Table1__3[[#This Row],[Date]] >= Table1__3[[#This Row],[Start_Date]], Table1__3[[#This Row],[Date]] <= Table1__3[[#This Row],[End_Date]]), "During", "After")) -> Before
A10: SP009 | B10: Twitter | C10: 45823 | D10: Text | E10: Top trending tracks updated daily! | F10: 4432 | G10: 223 | H10: 299 | I10: 59016 | J10: 21742 | K10: 171 | L10: #NowPlaying | N10: ChillVibes | O10: =(F10+G10+H10)/I10 -> 0.083943337 | P10: =(_xlfn.XLOOKUP(Table1__3[[#This Row],[Campaign_Name]],Table3[Campaign_Name],Table3[Start_Date])) -> 45667 | Q10: =(_xlfn.XLOOKUP(Table1__3[[#This Row],[Campaign_Name]],Table3[Campaign_Name],Table3[End_Date])) -> 45698 | R10: =IF(Table1__3[[#This Row],[Date]] < Table1__3[[#This Row],[Start_Date]], "Before", IF(AND(Table1__3[[#This Row],[Date]] >= Table1__3[[#This Row],[Start_Date]], Table1__3[[#This Row],[Date]] <= Table1__3[[#This Row],[End_Date]]), "During", "After")) -> After
A11: SP010 | B11: Twitter | C11: 45630 | D11: Text | E11: Wrapped is here! Relive your top tracks ðŸŽ§ | F11: 2357 | G11: 274 | H11: 172 | I11: 21566 | J11: 66829 | K11: 284 | L11: #NowPlaying | N11: ChillVibes | O11: =(F11+G11+H11)/I11 -> 0.12997311 | P11: =(_xlfn.XLOOKUP(Table1__3[[#This Row],[Campaign_Name]],Table3[Campaign_Name],Table3[Start_Date])) -> 45667 | Q11: =(_xlfn.XLOOKUP(Table1__3[[#This Row],[Campaign_Name]],Table3[Campaign_Name],Table3[End_Date])) -> 45698 | R11: =IF(Table1__3[[#This Row],[Date]] < Table1__3[[#This Row],[Start_Date]], "Before", IF(AND(Table1__3[[#This Row],[Date]] >= Table1__3[[#This Row],[Start_Date]], Table1__3[[#This Row],[Date]] <= Table1__3[[#This Row],[End_Date]]), "During", "After")) -> Before
A12: SP011 | B12: Twitter | C12: 45357 | D12: Text | E12: Discover fresh beats on Spotify! | F12: 1971 | G12: 370 | H12: 306 | I12: 31316 | J12: 27897 | K12: 88 | L12: #SoundtrackOfLife | N12: IndieWave | O12: =(F12+G12+H12)/I12 -> 0.084525482 | P12: =(_xlfn.XLOOKUP(Table1__3[[#This Row],[Campaign_Name]],Table3[Campaign_Name],Table3[Start_Date])) -> 45717 | Q12: =(_xlfn.XLOOKUP(Table1__3[[#This Row],[Campaign_Name]],Table3[Campaign_Name],Table3[End_Date])) -> 45747 | R12: =IF(Table1__3[[#This Row],[Date]] < Table1__3[[#This Row],[Start_Date]], "Before", IF(AND(Table1__3[[#This Row],[Date]] >= Table1__3[[#This Row],[Start_Date]], Table1__3[[#This Row],[Date]] <= Table1__3[[#This Row],[End_Date]]), "During", "After")) -> Before
A13: SP012 | B13: Instagram | C13: 45426 | D13: Text | E13: Discover fresh beats on Spotify! | F13: 1485 | G13: 353 | H13: 244 | I13: 38419 | J13: 38556 | K13: 86 | L13: #SoundtrackOfLife | M13: #NowPlaying | N13: ChillVibes | O13: =(F13+G13+H13)/I13 -> 0.054191936 | P13: =(_xlfn.XLOOKUP(Table1__3[[#This Row],[Campaign_Name]],Table3[Campaign_Name],Table3[Start_Date])) -> 45667 | Q13: =(_xlfn.XLOOKUP(Table1__3[[#This Row],[Campaign_Name]],Table3[Campaign_Name],Table3[End_Date])) -> 45698 | R13: =IF(Table1__3[[#This Row],[Date]] < Table1__3[[#This Row],[Start_Date]], "Before", IF(AND(Table1__3[[#This Row],[Date]] >= Table1__3[[#This Row],[Start_Date]], Table1__3[[#This Row],[Date]] <= Table1__3[[#This Row],[End_Date]]), "During", "After")) -> Before
A14: SP013 | B14: Twitter | C14: 45826 | D14: Story | E14: Discover fresh beats on Spotify! | F14: 3956 | G14: 319 | H14: 61 | I14: 58162 | J14: 28720 | K14: 213 | L14: #MusicForEveryone | M14: #NowPlaying | N14: ChillVibes | O14: =(F14+G14+H14)/I14 -> 0.074550394 | P14: =(_xlfn.XLOOKUP(Table1__3[[#This Row],[Campaign_Name]],Table3[Campaign_Name],Table3[Start_Date])) -> 45667 | Q14: =(_xlfn.XLOOKUP(Table1__3[[#This Row],[Campaign_Name]],Table3[Campaign_Name],Table3[End_Date])) -> 45698 | R14: =IF(Table1__3[[#This Row],[Date]] < Table1__3[[#This Row],[Start_Date]], "Before", IF(AND(Table1__3[[#This Row],[Date]] >= Table1__3[[#This Row],[Start_Date]], Table1__3[[#This Row],[Date]] <= Table1__3[[#This Row],[End_Date]]), "During", "After")) -> After
A15: SP014 | B15: Twitter | C15: 45573 | D15: Text | E15: From pop to podcasts, itâ€™s all here. | F15: 2460 | G15: 409 | H15: 253 | I15: 36702 | J15: 46122 | K15: 264 | L15: #NowPlaying | N15: ChillVibes | O15: =(F15+G15+H15)/I15 -> 0.085063484 | P15: =(_xlfn.XLOOKUP(Table1__3[[#This Row],[Campaign_Name]],Table3[Campaign_Name],Table3[Start_Date])) -> 45667 | Q15: =(_xlfn.XLOOKUP(Table1__3[[#This Row],[Campaign_Name]],Table3[Campaign_Name],Table3[End_Date])) -> 45698 | R15: =IF(Table1__3[[#This Row],[Date]] < Table1__3[[#This Row],[Start_Date]], "Before", IF(AND(Table1__3[[#This Row],[Date]] >= Table1__3[[#This Row],[Start_Date]], Table1__3[[#This Row],[Date]] <= Table1__3[[#This Row],[End_Date]]), "During", "After")) -> Before
A16: SP015 | B16: Twitter | C16: 45418 | D16: Text | E16: Your weekend playlist is waiting. | F16: 3476 | G16: 355 | H16: 396 | I16: 37492 | J16: 27285 | K16: 179 | L16: #NowPlaying | N16: ChillVibes | O16: =(F16+G16+H16)/I16 -> 0.11274405 | P16: =(_xlfn.XLOOKUP(Table1__3[[#This Row],[Campaign_Name]],Table3[Campaign_Name],Table3[Start_Date])) -> 45667 | Q16: =(_xlfn.XLOOKUP(Table1__3[[#This Row],[Campaign_Name]],Table3[Campaign_Name],Table3[End_Date])) -> 45698 | R16: =IF(Table1__3[[#This Row],[Date]] < Table1__3[[#This Row],[Start_Date]], "Before", IF(AND(Table1__3[[#This Row],[Date]] >= Table1__3[[#This Row],[Start_Date]], Table1__3[[#This Row],[Date]] <= Table1__3[[#This Row],[End_Date]]), "During", "After")) -> Before
A17: SP016 | B17: Twitter | C17: 45655 | D17: Story | E17: New music just dropped. Hit play! | F17: 4049 | G17: 377 | H17: 94 | I17: 48182 | J17: 42875 | K17: 172 | L17: #MusicForEveryone | M17: #NowPlaying | N17: ChillVibes | O17: =(F17+G17+H17)/I17 -> 0.093810967 | P17: =(_xlfn.XLOOKUP(Table1__3[[#This Row],[Campaign_Name]],Table3[Campaign_Name],Table3[Start_Date])) -> 45667 | Q17: =(_xlfn.XLOOKUP(Table1__3[[#This Row],[Campaign_Name]],Table3[Campaign_Name],Table3[End_Date])) -> 45698 | R17: =IF(Table1__3[[#This Row],[Date]] < Table1__3[[#This Row],[Start_Date]], "Before", IF(AND(Table1__3[[#This Row],[Date]] >= Table1__3[[#This Row],[Start_Date]], Table1__3[[#This Row],[Date]] <= Table1__3[[#This Row],[End_Date]]), "During", "After")) -> Before
A18: SP017 | B18: Twitter | C18: 45453 | D18: Text | E18: Whatâ€™s your vibe today? #SpotifyHits | F18: 1514 | G18: 164 | H18: 275 | I18: 41364 | J18: 44389 | K18: 83 | L18: #NowPlaying | N18: ChillVibes | O18: =(F18+G18+H18)/I18 -> 0.04721497 | P18: =(_xlfn.XLOOKUP(Table1__3[[#This Row],[Campaign_Name]],Table3[Campaign_Name],Table3[Start_Date])) -> 45667 | Q18: =(_xlfn.XLOOKUP(Table1__3[[#This Row],[Campaign_Name]],Table3[Campaign_Name],Table3[End_Date])) -> 45698 | R18: =IF(Table1__3[[#This Row],[Date]] < Table1__3[[#This Row],[Start_Date]], "Before", IF(AND(Table1__3[[#This Row],[Date]] >= Table1__3[[#This Row],[Start_Date]], Table1__3[[#This Row],[Date]] <= Table1__3[[#This Row],[End_Date]]), "During", "After")) -> Before
A19: SP018 | B19: Instagram | C19: 45325 | D19: Story | E19: Music that moves youâ€”only on Spotify. | F19: 4281 | G19: 101 | H19: 163 | I19: 32278 | J19: 53382 | K19: 235 | L19: #NowPlaying | N19: Wrapped2024 | O19: =(F19+G19+H19)/I19 -> 0.14080798 | P19: =(_xlfn.XLOOKUP(Table1__3[[#This Row],[Campaign_Name]],Table3[Campaign_Name],Table3[Start_Date])) -> 45627 | Q19: =(_xlfn.XLOOKUP(Table1__3[[#This Row],[Campaign_Name]],Table3[Campaign_Name],Table3[End_Date])) -> 45657 | R19: =IF(Table1__3[[#This Row],[Date]] < Table1__3[[#This Row],[Start_Date]], "Before", IF(AND(Table1__3[[#This Row],[Date]] >= Table1__3[[#This Row],[Start_Date]], Table1__3[[#This Row],[Date]] <= Table1__3[[#This Row],[End_Date]]), "During", "After")) -> Before
A20: SP019 | B20: YouTube | C20: 45458 | D20: Reel | E20: Get into the groove with our new drop! | F20: 1751 | G20: 143 | H20: 151 | I20: 31826 | J20: 47729 | K20: 95 | L20: #DiscoverWeekly | M20: #SoundtrackOfLife | N20: SummerBeats | O20: =(F20+G20+H20)/I20 -> 0.06425564 | P20: =(_xlfn.XLOOKUP(Table1__3[[#This Row],[Campaign_Name]],Table3[Campaign_Name],Table3[Start_Date])) -> 45458 | Q20: =(_xlfn.XLOOKUP(Table1__3[[#This Row],[Campaign_Name]],Table3[Campaign_Name],Table3[End_Date])) -> 45488 | R20: =IF(Table1__3[[#This Row],[Date]] < Table1__3[[#This Row],[Start_Date]], "Before", IF(AND(Table1__3[[#This Row],[Date]] >= Table1__3[[#This Row],[Start_Date]], Table1__3[[#This Row],[Date]] <= Table1__3[[#This Row],[End_Date]]), "During", "After")) -> During
A21: SP020 | B21: Instagram | C21: 45478 | D21: Text | E21: Your weekend playlist is waiting. | F21: 3753 | G21: 411 | H21: 308 | I21: 29138 | J21: 27678 | K21: 90 | L21: #DiscoverWeekly | N21: IndieWave | O21: =(F21+G21+H21)/I21 -> 0.15347656 | P21: =(_xlfn.XLOOKUP(Table1__3[[#This Row],[Campaign_Name]],Table3[Campaign_Name],Table3[Start_Date])) -> 45717 | Q21: =(_xlfn.XLOOKUP(Table1__3[[#This Row],[Campaign_Name]],Table3[Campaign_Name],Table3[End_Date])) -> 45747 | R21: =IF(Table1__3[[#This Row],[Date]] < Table1__3[[#This Row],[Start_Date]], "Before", IF(AND(Table1__3[[#This Row],[Date]] >= Table1__3[[#This Row],[Start_Date]], Table1__3[[#This Row],[Date]] <= Table1__3[[#This Row],[End_Date]]), "During", "After")) -> Before
A22: SP021 | B22: Instagram | C22: 45603 | D22: Story | E22: Wrapped is here! Relive your top tracks ðŸŽ§ | F22: 1678 | G22: 423 | H22: 323 | I22: 55668 | J22: 37945 | K22: 230 | L22: #NowPlaying | N22: Wrapped2024 | O22: =(F22+G22+H22)/I22 -> 0.043543867 | P22: =(_xlfn.XLOOKUP(Table1__3[[#This Row],[Campaign_Name]],Table3[Campaign_Name],Table3[Start_Date])) -> 45627 | Q22: =(_xlfn.XLOOKUP(Table1__3[[#This Row],[Campaign_Name]],Table3[Campaign_Name],Table3[End_Date])) -> 45657 | R22: =IF(Table1__3[[#This Row],[Date]] < Table1__3[[#This Row],[Start_Date]], "Before", IF(AND(Table1__3[[#This Row],[Date]] >= Table1__3[[#This Row],[Start_Date]], Table1__3[[#This Row],[Date]] <= Table1__3[[#This Row],[End_Date]]), "During", "After")) -> Before
A23: SP022 | B23: Instagram | C23: 45823 | D23: Text | E23: Whatâ€™s your vibe today? #SpotifyHits | F23: 4896 | G23: 466 | H23: 233 | I23: 28621 | J23: 34270 | K23: 84 | L23: #SoundtrackOfLife | M23: #NowPlaying | N23: ChillVibes | O23: =(F23+G23+H23)/I23 -> 0.19548583 | P23: =(_xlfn.XLOOKUP(Table1__3[[#This Row],[Campaign_Name]],Table3[Campaign_Name],Table3[Start_Date])) -> 45667 | Q23: =(_xlfn.XLOOKUP(Table1__3[[#This Row],[Campaign_Name]],Table3[Campaign_Name],Table3[End_Date])) -> 45698 | R23: =IF(Table1__3[[#This Row],[Date]] < Table1__3[[#This Row],[Start_Date]], "Before", IF(AND(Table1__3[[#This Row],[Date]] >= Table1__3[[#This Row],[Start_Date]], Table1__3[[#This Row],[Date]] <= Table1__3[[#This Row],[End_Date]]), "During", "After")) -> After
A24: SP023 | B24: YouTube | C24: 45452 | D24: Reel | E24: From pop to podcasts, itâ€™s all here. | F24: 2786 | G24: 368 | H24: 208 | I24: 42000 | J24: 39967 | K24: 103 | L24: #DiscoverWeekly | M24: #SoundtrackOfLife | N24: SummerBeats | O24: =(F24+G24+H24)/I24 -> 0.080047619 | P24: =(_xlfn.XLOOKUP(Table1__3[[#This Row],[Campaign_Name]],Table3[Campaign_Name],Table3[Start_Date])) -> 45458 | Q24: =(_xlfn.XLOOKUP(Table1__3[[#This Row],[Campaign_Name]],Table3[Campaign_Name],Table3[End_Date])) -> 45488 | R24: =IF(Table1__3[[#This Row],[Date]] < Table1__3[[#This Row],[Start_Date]], "Before", IF(AND(Table1__3[[#This Row],[Date]] >= Table1__3[[#This Row],[Start_Date]], Table1__3[[#This Row],[Date]] <= Table1__3[[#This Row],[End_Date]]), "During", "After")) -> Before
A25: SP024 | B25: Twitter | C25: 45583 | D25: Text | E25: New music just dropped. Hit play! | F25: 2607 | G25: 379 | H25: 180 | I25: 28712 | J25: 61620 | K25: 174 | L25: #SoundtrackOfLife | N25: IndieWave | O25: =(F25+G25+H25)/I25 -> 0.11026748 | P25: =(_xlfn.XLOOKUP(Table1__3[[#This Row],[Campaign_Name]],Table3[Campaign_Name],Table3[Start_Date])) -> 45717 | Q25: =(_xlfn.XLOOKUP(Table1__3[[#This Row],[Campaign_Name]],Table3[Campaign_Name],Table3[End_Date])) -> 45747 | R25: =IF(Table1__3[[#This Row],[Date]] < Table1__3[[#This Row],[Start_Date]], "Before", IF(AND(Table1__3[[#This Row],[Date]] >= Table1__3[[#This Row],[Start_Date]], Table1__3[[#This Row],[Date]] <= Table1__3[[#This Row],[End_Date]]), "During", "After")) -> Before
A26: SP025 | B26: YouTube | C26: 45575 | D26: Reel | E26: From pop to podcasts, itâ€™s all here. | F26: 4013 | G26: 320 | H26: 92 | I26: 54605 | J26: 60169 | K26: 232 | L26: #DiscoverWeekly | M26: #SoundtrackOfLife | N26: SummerBeats | O26: =(F26+G26+H26)/I26 -> 0.081036535 | P26: =(_xlfn.XLOOKUP(Table1__3[[#This Row],[Campaign_Name]],Table3[Campaign_Name],Table3[Start_Date])) -> 45458 | Q26: =(_xlfn.XLOOKUP(Table1__3[[#This Row],[Campaign_Name]],Table3[Campaign_Name],Table3[End_Date])) -> 45488 | R26: =IF(Table1__3[[#This Row],[Date]] < Table1__3[[#This Row],[Start_Date]], "Before", IF(AND(Table1__3[[#This Row],[Date]] >= Table1__3[[#This Row],[Start_Date]], Table1__3[[#This Row],[Date]] <= Table1__3[[#This Row],[End_Date]]), "During", "After")) -> After
A27: SP026 | B27: Twitter | C27: 45791 | D27: Story | E27: From pop to podcasts, itâ€™s all here. | F27: 2707 | G27: 103 | H27: 51 | I27: 55302 | J27: 18801 | K27: 147 | L27: #DiscoverWeekly | M27: #MusicForEveryone | N27: ChillVibes | O27: =(F27+G27+H27)/I27 -> 0.051734114 | P27: =(_xlfn.XLOOKUP(Table1__3[[#This Row],[Campaign_Name]],Table3[Campaign_Name],Table3[Start_Date])) -> 45667 | Q27: =(_xlfn.XLOOKUP(Table1__3[[#This Row],[Campaign_Name]],Table3[Campaign_Name],Table3[End_Date])) -> 45698 | R27: =IF(Table1__3[[#This Row],[Date]] < Table1__3[[#This Row],[Start_Date]], "Before", IF(AND(Table1__3[[#This Row],[Date]] >= Table1__3[[#This Row],[Start_Date]], Table1__3[[#This Row],[Date]] <= Table1__3[[#This Row],[End_Date]]), "During", "After")) -> After
A28: SP027 | B28: Instagram | C28: 45625 | D28: Text | E28: Whatâ€™s your vibe today? #SpotifyHits | F28: 2824 | G28: 425 | H28: 274 | I28: 31004 | J28: 53488 | K28: 268 | L28: #SoundtrackOfLife | M28: #NowPlaying | N28: ChillVibes | O28: =(F28+G28+H28)/I28 -> 0.1136305 | P28: =(_xlfn.XLOOKUP(Table1__3[[#This Row],[Campaign_Name]],Table3[Campaign_Name],Table3[Start_Date])) -> 45667 | Q28: =(_xlfn.XLOOKUP(Table1__3[[#This Row],[Campaign_Name]],Table3[Campaign_Name],Table3[End_Date])) -> 45698 | R28: =IF(Table1__3[[#This Row],[Date]] < Table1__3[[#This Row],[Start_Date]], "Before", IF(AND(Table1__3[[#This Row],[Date]] >= Table1__3[[#This Row],[Start_Date]], Table1__3[[#This Row],[Date]] <= Table1__3[[#This Row],[End_Date]]), "During", "After")) -> Before
A29: SP028 | B29: YouTube | C29: 45356 | D29: Reel | E29: Explore the latest podcasts now. | F29: 3558 | G29: 314 | H29: 199 | I29: 49612 | J29: 53929 | K29: 206 | L29: #DiscoverWeekly | M29: #SoundtrackOfLife | N29: SummerBeats | O29: =(F29+G29+H29)/I29 -> 0.08205676 | P29: =(_xlfn.XLOOKUP(Table1__3[[#This Row],[Campaign_Name]],Table3[Campaign_Name],Table3[Start_Date])) -> 45458 | Q29: =(_xlfn.XLOOKUP(Table1__3[[#This Row],[Campaign_Name]],Table3[Campaign_Name],Table3[End_Date])) -> 45488 | R29: =IF(Table1__3[[#This Row],[Date]] < Table1__3[[#This Row],[Start_Date]], "Before", IF(AND(Table1__3[[#This Row],[Date]] >= Table1__3[[#This Row],[Start_Date]], Table1__3[[#This Row],[Date]] <= Table1__3[[#This Row],[End_Date]]), "During", "After")) -> Before
A30: SP029 | B30: Twitter | C30: 45734 | D30: Story | E30: Explore the latest podcasts now. | F30: 3418 | G30: 188 | H30: 387 | I30: 57431 | J30: 36933 | K30: 202 | L30: #MusicForEveryone | M30: #NowPlaying | N30: ChillVibes | O30: =(F30+G30+H30)/I30 -> 0.069526911 | P30: =(_xlfn.XLOOKUP(Table1__3[[#This Row],[Campaign_Name]],Table3[Campaign_Name],Table3[Start_Date])) -> 45667 | Q30: =(_xlfn.XLOOKUP(Table1__3[[#This Row],[Campaign_Name]],Table3[Campaign_Name],Table3[End_Date])) -> 45698 | R30: =IF(Table1__3[[#This Row],[Date]] < Table1__3[[#This Row],[Start_Date]], "Before", IF(AND(Table1__3[[#This Row],[Date]] >= Table1__3[[#This Row],[Start_Date]], Table1__3[[#This Row],[Date]] <= Table1__3[[#This Row],[End_Date]]), "During", "After")) -> After
A31: SP030 | B31: Twitter | C31: 45773 | D31: Text | E31: Discover fresh beats on Spotify! | F31: 2411 | G31: 194 | H31: 168 | I31: 26665 | J31: 71699 | K31: 197 | L31: #NowPlaying | N31: ChillVibes | O31: =(F31+G31+H31)/I31 -> 0.103994 | P31: =(_xlfn.XLOOKUP(Table1__3[[#This Row],[Campaign_Name]],Table3[Campaign_Name],Table3[Start_Date])) -> 45667 | Q31: =(_xlfn.XLOOKUP(Table1__3[[#This Row],[Campaign_Name]],Table3[Campaign_Name],Table3[End_Date])) -> 45698 | R31: =IF(Table1__3[[#This Row],[Date]] < Table1__3[[#This Row],[Start_Date]], "Before", IF(AND(Table1__3[[#This Row],[Date]] >= Table1__3[[#This Row],[Start_Date]], Table1__3[[#This Row],[Date]] <= Table1__3[[#This Row],[End_Date]]), "During", "After")) -> After
A32: SP031 | B32: Instagram | C32: 45658 | D32: Text | E32: New music just dropped. Hit play! | F32: 4036 | G32: 112 | H32: 382 | I32: 56284 | J32: 29440 | K32: 279 | L32: #SoundtrackOfLife | M32: #NowPlaying | N32: ChillVibes | O32: =(F32+G32+H32)/I32 -> 0.080484685 | P32: =(_xlfn.XLOOKUP(Table1__3[[#This Row],[Campaign_Name]],Table3[Campaign_Name],Table3[Start_Date])) -> 45667 | Q32: =(_xlfn.XLOOKUP(Table1__3[[#This Row],[Campaign_Name]],Table3[Campaign_Name],Table3[End_Date])) -> 45698 | R32: =IF(Table1__3[[#This Row],[Date]] < Table1__3[[#This Row],[Start_Date]], "Before", IF(AND(Table1__3[[#This Row],[Date]] >= Table1__3[[#This Row],[Start_Date]], Table1__3[[#This Row],[Date]] <= Table1__3[[#This Row],[End_Date]]), "During", "After")) -> Before
A33: SP032 | B33: Twitter | C33: 45419 | D33: Story | E33: Explore the latest podcasts now. | F33: 2776 | G33: 307 | H33: 178 | I33: 43365 | J33: 48408 | K33: 138 | L33: #SoundtrackOfLife | M33: #NowPlaying | N33: ChillVibes | O33: =(F33+G33+H33)/I33 -> 0.075198893 | P33: =(_xlfn.XLOOKUP(Table1__3[[#This Row],[Campaign_Name]],Table3[Campaign_Name],Table3[Start_Date])) -> 45667 | Q33: =(_xlfn.XLOOKUP(Table1__3[[#This Row],[Campaign_Name]],Table3[Campaign_Name],Table3[End_Date])) -> 45698 | R33: =IF(Table1__3[[#This Row],[Date]] < Table1__3[[#This Row],[Start_Date]], "Before", IF(AND(Table1__3[[#This Row],[Date]] >= Table1__3[[#This Row],[Start_Date]], Table1__3[[#This Row],[Date]] <= Table1__3[[#This Row],[End_Date]]), "During", "After")) -> Before
A34: SP033 | B34: Twitter | C34: 45574 | D34: Story | E34: Discover fresh beats on Spotify! | F34: 4929 | G34: 182 | H34: 95 | I34: 32181 | J34: 31084 | K34: 289 | L34: #DiscoverWeekly | M34: #MusicForEveryone | N34: ChillVibes | O34: =(F34+G34+H34)/I34 -> 0.16177247 | P34: =(_xlfn.XLOOKUP(Table1__3[[#This Row],[Campaign_Name]],Table3[Campaign_Name],Table3[Start_Date])) -> 45667 | Q34: =(_xlfn.XLOOKUP(Table1__3[[#This Row],[Campaign_Name]],Table3[Campaign_Name],Table3[End_Date])) -> 45698 | R34: =IF(Table1__3[[#This Row],[Date]] < Table1__3[[#This Row],[Start_Date]], "Before", IF(AND(Table1__3[[#This Row],[Date]] >= Table1__3[[#This Row],[Start_Date]], Table1__3[[#This Row],[Date]] <= Table1__3[[#This Row],[End_Date]]), "During", "After")) -> Before
A35: SP034 | B35: Instagram | C35: 45666 | D35: Text | E35: New music just dropped. Hit play! | F35: 1015 | G35: 366 | H35: 308 | I35: 38127 | J35: 63790 | K35: 287 | L35: #SoundtrackOfLife | M35: #NowPlaying | N35: ChillVibes | O35: =(F35+G35+H35)/I35 -> 0.044299315 | P35: =(_xlfn.XLOOKUP(Table1__3[[#This Row],[Campaign_Name]],Table3[Campaign_Name],Table3[Start_Date])) -> 45667 | Q35: =(_xlfn.XLOOKUP(Table1__3[[#This Row],[Campaign_Name]],Table3[Campaign_Name],Table3[End_Date])) -> 45698 | R35: =IF(Table1__3[[#This Row],[Date]] < Table1__3[[#This Row],[Start_Date]], "Before", IF(AND(Table1__3[[#This Row],[Date]] >= Table1__3[[#This Row],[Start_Date]], Table1__3[[#This Row],[Date]] <= Table1__3[[#This Row],[End_Date]]), "During", "After")) -> Before
A36: SP035 | B36: Twitter | C36: 45785 | D36: Story | E36: Your weekend playlist is waiting. | F36: 3316 | G36: 332 | H36: 268 | I36: 40095 | J36: 36913 | K36: 265 | L36: #MusicForEveryone | M36: #NowPlaying | N36: ChillVibes | O36: =(F36+G36+H36)/I36 -> 0.097668038 | P36: =(_xlfn.XLOOKUP(Table1__3[[#This Row],[Campaign_Name]],Table3[Campaign_Name],Table3[Start_Date])) -> 45667 | Q36: =(_xlfn.XLOOKUP(Table1__3[[#This Row],[Campaign_Name]],Table3[Campaign_Name],Table3[End_Date])) -> 45698 | R36: =IF(Table1__3[[#This Row],[Date]] < Table1__3[[#This Row],[Start_Date]], "Before", IF(AND(Table1__3[[#This Row],[Date]] >= Table1__3[[#This Row],[Start_Date]], Table1__3[[#This Row],[Date]] <= Table1__3[[#This Row],[End_Date]]), "During", "After")) -> After
A37: SP036 | B37: Instagram | C37: 45416 | D37: Text | E37: Wrapped is here! Relive your top tracks ðŸŽ§ | F37: 2274 | G37: 243 | H37: 222 | I37: 43066 | J37: 59174 | K37: 80 | L37: #DiscoverWeekly | N37: IndieWave | O37: =(F37+G37+H37)/I37 -> 0.063600056 | P37: =(_xlfn.XLOOKUP(Table1__3[[#This Row],[Campaign_Name]],Table3[Campaign_Name],Table3[Start_Date])) -> 45717 | Q37: =(_xlfn.XLOOKUP(Table1__3[[#This Row],[Campaign_Name]],Table3[Campaign_Name],Table3[End_Date])) -> 45747 | R37: =IF(Table1__3[[#This Row],[Date]] < Table1__3[[#This Row],[Start_Date]], "Before", IF(AND(Table1__3[[#This Row],[Date]] >= Table1__3[[#This Row],[Start_Date]], Table1__3[[#This Row],[Date]] <= Table1__3[[#This Row],[End_Date]]), "During", "After")) -> Before
A38: SP037 | B38: Twitter | C38: 45804 | D38: Story | E38: Explore the latest podcasts now. | F38: 4095 | G38: 385 | H38: 400 | I38: 45300 | J38: 31795 | K38: 80 | L38: #MusicForEveryone | M38: #NowPlaying | N38: ChillVibes | O38: =(F38+G38+H38)/I38 -> 0.10772627 | P38: =(_xlfn.XLOOKUP(Table1__3[[#This Row],[Campaign_Name]],Table3[Campaign_Name],Table3[Start_Date])) -> 45667 | Q38: =(_xlfn.XLOOKUP(Table1__3[[#This Row],[Campaign_Name]],Table3[Campaign_Name],Table3[End_Date])) -> 45698 | R38: =IF(Table1__3[[#This Row],[Date]] < Table1__3[[#This Row],[Start_Date]], "Before", IF(AND(Table1__3[[#This Row],[Date]] >= Table1__3[[#This Row],[Start_Date]], Table1__3[[#This Row],[Date]] <= Table1__3[[#This Row],[End_Date]]), "During", "After")) -> After
A39: SP038 | B39: Instagram | C39: 45545 | D39: Story | E39: New music just dropped. Hit play! | F39: 1230 | G39: 309 | H39: 207 | I39: 44629 | J39: 40699 | K39: 195 | L39: #NowPlaying | N39: Wrapped2024 | O39: =(F39+G39+H39)/I39 -> 0.039122544 | P39: =(_xlfn.XLOOKUP(Table1__3[[#This Row],[Campaign_Name]],Table3[Campaign_Name],Table3[Start_Date])) -> 45627 | Q39: =(_xlfn.XLOOKUP(Table1__3[[#This Row],[Campaign_Name]],Table3[Campaign_Name],Table3[End_Date])) -> 45657 | R39: =IF(Table1__3[[#This Row],[Date]] < Table1__3[[#This Row],[Start_Date]], "Before", IF(AND(Table1__3[[#This Row],[Date]] >= Table1__3[[#This Row],[Start_Date]], Table1__3[[#This Row],[Date]] <= Table1__3[[#This Row],[End_Date]]), "During", "After")) -> Before
A40: SP039 | B40: Instagram | C40: 45621 | D40: Text | E40: From pop to podcasts, itâ€™s all here. | F40: 1341 | G40: 472 | H40: 238 | I40: 51386 | J40: 51706 | K40: 133 | L40: #DiscoverWeekly | N40: IndieWave | O40: =(F40+G40+H40)/I40 -> 0.039913595 | P40: =(_xlfn.XLOOKUP(Table1__3[[#This Row],[Campaign_Name]],Table3[Campaign_Name],Table3[Start_Date])) -> 45717 | Q40: =(_xlfn.XLOOKUP(Table1__3[[#This Row],[Campaign_Name]],Table3[Campaign_Name],Table3[End_Date])) -> 45747 | R40: =IF(Table1__3[[#This Row],[Date]] < Table1__3[[#This Row],[Start_Date]], "Before", IF(AND(Table1__3[[#This Row],[Date]] >= Table1__3[[#This Row],[Start_Date]], Table1__3[[#This Row],[Date]] <= Table1__3[[#This Row],[End_Date]]), "During", "After")) -> Before
A41: SP040 | B41: Twitter | C41: 45818 | D41: Text | E41: Explore the latest podcasts now. | F41: 3615 | G41: 192 | H41: 162 | I41: 27492 | J41: 35341 | K41: 125 | L41: #NowPlaying | N41: ChillVibes | O41: =(F41+G41+H41)/I41 -> 0.14436927 | P41: =(_xlfn.XLOOKUP(Table1__3[[#This Row],[Campaign_Name]],Table3[Campaign_Name],Table3[Start_Date])) -> 45667 | Q41: =(_xlfn.XLOOKUP(Table1__3[[#This Row],[Campaign_Name]],Table3[Campaign_Name],Table3[End_Date])) -> 45698 | R41: =IF(Table1__3[[#This Row],[Date]] < Table1__3[[#This Row],[Start_Date]], "Before", IF(AND(Table1__3[[#This Row],[Date]] >= Table1__3[[#This Row],[Start_Date]], Table1__3[[#This Row],[Date]] <= Table1__3[[#This Row],[End_Date]]), "During", "After")) -> After
A42: SP041 | B42: Instagram | C42: 45401 | D42: Text | E42: New music just dropped. Hit play! | F42: 4001 | G42: 353 | H42: 129 | I42: 41265 | J42: 37279 | K42: 275 | L42: #SoundtrackOfLife | M42: #NowPlaying | N42: ChillVibes | O42: =(F42+G42+H42)/I42 -> 0.10863928 | P42: =(_xlfn.XLOOKUP(Table1__3[[#This Row],[Campaign_Name]],Table3[Campaign_Name],Table3[Start_Date])) -> 45667 | Q42: =(_xlfn.XLOOKUP(Table1__3[[#This Row],[Campaign_Name]],Table3[Campaign_Name],Table3[End_Date])) -> 45698 | R42: =IF(Table1__3[[#This Row],[Date]] < Table1__3[[#This Row],[Start_Date]], "Before", IF(AND(Table1__3[[#This Row],[Date]] >= Table1__3[[#This Row],[Start_Date]], Table1__3[[#This Row],[Date]] <= Table1__3[[#This Row],[End_Date]]), "During", "After")) -> Before
A43: SP042 | B43: Instagram | C43: 45683 | D43: Story | E43: Whatâ€™s your vibe today? #SpotifyHits | F43: 3451 | G43: 363 | H43: 393 | I43: 44853 | J43: 69032 | K43: 211 | L43: #NowPlaying | N43: Wrapped2024 | O43: =(F43+G43+H43)/I43 -> 0.093795287 | P43: =(_xlfn.XLOOKUP(Table1__3[[#This Row],[Campaign_Name]],Table3[Campaign_Name],Table3[Start_Date])) -> 45627 | Q43: =(_xlfn.XLOOKUP(Table1__3[[#This Row],[Campaign_Name]],Table3[Campaign_Name],Table3[End_Date])) -> 45657 | R43: =IF(Table1__3[[#This Row],[Date]] < Table1__3[[#This Row],[Start_Date]], "Before", IF(AND(Table1__3[[#This Row],[Date]] >= Table1__3[[#This Row],[Start_Date]], Table1__3[[#This Row],[Date]] <= Table1__3[[#This Row],[End_Date]]), "During", "After")) -> After
A44: SP043 | B44: Instagram | C44: 45702 | D44: Text | E44: Top trending tracks updated daily! | F44: 4891 | G44: 450 | H44: 387 | I44: 48746 | J44: 37312 | K44: 154 | L44: #SoundtrackOfLife | M44: #NowPlaying | N44: ChillVibes | O44: =(F44+G44+H44)/I44 -> 0.11750708 | P44: =(_xlfn.XLOOKUP(Table1__3[[#This Row],[Campaign_Name]],Table3[Campaign_Name],Table3[Start_Date])) -> 45667 | Q44: =(_xlfn.XLOOKUP(Table1__3[[#This Row],[Campaign_Name]],Table3[Campaign_Name],Table3[End_Date])) -> 45698 | R44: =IF(Table1__3[[#This Row],[Date]] < Table1__3[[#This Row],[Start_Date]], "Before", IF(AND(Table1__3[[#This Row],[Date]] >= Table1__3[[#This Row],[Start_Date]], Table1__3[[#This Row],[Date]] <= Table1__3[[#This Row],[End_Date]]), "During", "After")) -> After
A45: SP044 | B45: Instagram | C45: 45541 | D45: Text | E45: New music just dropped. Hit play! | F45: 1452 | G45: 281 | H45: 326 | I45: 51556 | J45: 62599 | K45: 290 | L45: #DiscoverWeekly | N45: IndieWave | O45: =(F45+G45+H45)/I45 -> 0.039937156 | P45: =(_xlfn.XLOOKUP(Table1__3[[#This Row],[Campaign_Name]],Table3[Campaign_Name],Table3[Start_Date])) -> 45717 | Q45: =(_xlfn.XLOOKUP(Table1__3[[#This Row],[Campaign_Name]],Table3[Campaign_Name],Table3[End_Date])) -> 45747 | R45: =IF(Table1__3[[#This Row],[Date]] < Table1__3[[#This Row],[Start_Date]], "Before", IF(AND(Table1__3[[#This Row],[Date]] >= Table1__3[[#This Row],[Start_Date]], Table1__3[[#This Row],[Date]] <= Table1__3[[#This Row],[End_Date]]), "During", "After")) -> Before
A46: SP045 | B46: YouTube | C46: 45487 | D46: Text | E46: Your weekend playlist is waiting. | F46: 3806 | G46: 114 | H46: 278 | I46: 36148 | J46: 24209 | K46: 201 | L46: #DiscoverWeekly | M46: #SpotifyWrapped | N46: IndieWave | O46: =(F46+G46+H46)/I46 -> 0.11613367 | P46: =(_xlfn.XLOOKUP(Table1__3[[#This Row],[Campaign_Name]],Table3[Campaign_Name],Table3[Start_Date])) -> 45717 | Q46: =(_xlfn.XLOOKUP(Table1__3[[#This Row],[Campaign_Name]],Table3[Campaign_Name],Table3[End_Date])) -> 45747 | R46: =IF(Table1__3[[#This Row],[Date]] < Table1__3[[#This Row],[Start_Date]], "Before", IF(AND(Table1__3[[#This Row],[Date]] >= Table1__3[[#This Row],[Start_Date]], Table1__3[[#This Row],[Date]] <= Table1__3[[#This Row],[End_Date]]), "During", "After")) -> Before
A47: SP046 | B47: Instagram | C47: 45334 | D47: Text | E47: Explore the latest podcasts now. | F47: 2923 | G47: 330 | H47: 250 | I47: 23993 | J47: 74590 | K47: 92 | L47: #DiscoverWeekly | N47: IndieWave | O47: =(F47+G47+H47)/I47 -> 0.14600092 | P47: =(_xlfn.XLOOKUP(Table1__3[[#This Row],[Campaign_Name]],Table3[Campaign_Name],Table3[Start_Date])) -> 45717 | Q47: =(_xlfn.XLOOKUP(Table1__3[[#This Row],[Campaign_Name]],Table3[Campaign_Name],Table3[End_Date])) -> 45747 | R47: =IF(Table1__3[[#This Row],[Date]] < Table1__3[[#This Row],[Start_Date]], "Before", IF(AND(Table1__3[[#This Row],[Date]] >= Table1__3[[#This Row],[Start_Date]], Table1__3[[#This Row],[Date]] <= Table1__3[[#This Row],[End_Date]]), "During", "After")) -> Before
A48: SP047 | B48: YouTube | C48: 45365 | D48: Reel | E48: From pop to podcasts, itâ€™s all here. | F48: 3361 | G48: 188 | H48: 358 | I48: 39838 | J48: 24536 | K48: 120 | L48: #DiscoverWeekly | M48: #SoundtrackOfLife | N48: SummerBeats | O48: =(F48+G48+H48)/I48 -> 0.098072192 | P48: =(_xlfn.XLOOKUP(Table1__3[[#This Row],[Campaign_Name]],Table3[Campaign_Name],Table3[Start_Date])) -> 45458 | Q48: =(_xlfn.XLOOKUP(Table1__3[[#This Row],[Campaign_Name]],Table3[Campaign_Name],Table3[End_Date])) -> 45488 | R48: =IF(Table1__3[[#This Row],[Date]] < Table1__3[[#This Row],[Start_Date]], "Before", IF(AND(Table1__3[[#This Row],[Date]] >= Table1__3[[#This Row],[Start_Date]], Table1__3[[#This Row],[Date]] <= Table1__3[[#This Row],[End_Date]]), "During", "After")) -> Before
A49: SP048 | B49: Instagram | C49: 45693 | D49: Story | E49: Music that moves youâ€”only on Spotify. | F49: 3074 | G49: 371 | H49: 348 | I49: 24104 | J49: 57803 | K49: 213 | L49: #NowPlaying | N49: Wrapped2024 | O49: =(F49+G49+H49)/I49 -> 0.15735977 | P49: =(_xlfn.XLOOKUP(Table1__3[[#This Row],[Campaign_Name]],Table3[Campaign_Name],Table3[Start_Date])) -> 45627 | Q49: =(_xlfn.XLOOKUP(Table1__3[[#This Row],[Campaign_Name]],Table3[Campaign_Name],Table3[End_Date])) -> 45657 | R49: =IF(Table1__3[[#This Row],[Date]] < Table1__3[[#This Row],[Start_Date]], "Before", IF(AND(Table1__3[[#This Row],[Date]] >= Table1__3[[#This Row],[Start_Date]], Table1__3[[#This Row],[Date]] <= Table1__3[[#This Row],[End_Date]]), "During", "After")) -> After
A50: SP049 | B50: Twitter | C50: 45533 | D50: Story | E50: Get into the groove with our new drop! | F50: 4276 | G50: 227 | H50: 223 | I50: 43443 | J50: 41005 | K50: 191 | L50: #DiscoverWeekly | M50: #MusicForEveryone | N50: ChillVibes | O50: =(F50+G50+H50)/I50 -> 0.10878623 | P50: =(_xlfn.XLOOKUP(Table1__3[[#This Row],[Campaign_Name]],Table3[Campaign_Name],Table3[Start_Date])) -> 45667 | Q50: =(_xlfn.XLOOKUP(Table1__3[[#This Row],[Campaign_Name]],Table3[Campaign_Name],Table3[End_Date])) -> 45698 | R50: =IF(Table1__3[[#This Row],[Date]] < Table1__3[[#This Row],[Start_Date]], "Before", IF(AND(Table1__3[[#This Row],[Date]] >= Table1__3[[#This Row],[Start_Date]], Table1__3[[#This Row],[Date]] <= Table1__3[[#This Row],[End_Date]]), "During", "After")) -> Before
A51: SP050 | B51: Twitter | C51: 45769 | D51: Text | E51: Discover fresh beats on Spotify! | F51: 4401 | G51: 421 | H51: 216 | I51: 24890 | J51: 54361 | K51: 148 | L51: #NowPlaying | N51: ChillVibes | O51: =(F51+G51+H51)/I51 -> 0.20241061 | P51: =(_xlfn.XLOOKUP(Table1__3[[#This Row],[Campaign_Name]],Table3[Campaign_Name],Table3[Start_Date])) -> 45667 | Q51: =(_xlfn.XLOOKUP(Table1__3[[#This Row],[Campaign_Name]],Table3[Campaign_Name],Table3[End_Date])) -> 45698 | R51: =IF(Table1__3[[#This Row],[Date]] < Table1__3[[#This Row],[Start_Date]], "Before", IF(AND(Table1__3[[#This Row],[Date]] >= Table1__3[[#This Row],[Start_Date]], Table1__3[[#This Row],[Date]] <= Table1__3[[#This Row],[End_Date]]), "During", "After")) -> After
A52: SP051 | B52: YouTube | C52: 45425 | D52: Reel | E52: Explore the latest podcasts now. | F52: 4161 | G52: 481 | H52: 61 | I52: 45884 | J52: 48955 | K52: 215 | L52: #DiscoverWeekly | M52: #SoundtrackOfLife | N52: SummerBeats | O52: =(F52+G52+H52)/I52 -> 0.1024976 | P52: =(_xlfn.XLOOKUP(Table1__3[[#This Row],[Campaign_Name]],Table3[Campaign_Name],Table3[Start_Date])) -> 45458 | Q52: =(_xlfn.XLOOKUP(Table1__3[[#This Row],[Campaign_Name]],Table3[Campaign_Name],Table3[End_Date])) -> 45488 | R52: =IF(Table1__3[[#This Row],[Date]] < Table1__3[[#This Row],[Start_Date]], "Before", IF(AND(Table1__3[[#This Row],[Date]] >= Table1__3[[#This Row],[Start_Date]], Table1__3[[#This Row],[Date]] <= Table1__3[[#This Row],[End_Date]]), "During", "After")) -> Before
A53: SP052 | B53: Twitter | C53: 45539 | D53: Story | E53: New music just dropped. Hit play! | F53: 2613 | G53: 455 | H53: 228 | I53: 21645 | J53: 61334 | K53: 261 | L53: #DiscoverWeekly | M53: #MusicForEveryone | N53: ChillVibes | O53: =(F53+G53+H53)/I53 -> 0.15227535 | P53: =(_xlfn.XLOOKUP(Table1__3[[#This Row],[Campaign_Name]],Table3[Campaign_Name],Table3[Start_Date])) -> 45667 | Q53: =(_xlfn.XLOOKUP(Table1__3[[#This Row],[Campaign_Name]],Table3[Campaign_Name],Table3[End_Date])) -> 45698 | R53: =IF(Table1__3[[#This Row],[Date]] < Table1__3[[#This Row],[Start_Date]], "Before", IF(AND(Table1__3[[#This Row],[Date]] >= Table1__3[[#This Row],[Start_Date]], Table1__3[[#This Row],[Date]] <= Table1__3[[#This Row],[End_Date]]), "During", "After")) -> Before
A54: SP053 | B54: Twitter | C54: 45516 | D54: Story | E54: Whatâ€™s your vibe today? #SpotifyHits | F54: 2842 | G54: 213 | H54: 331 | I54: 57660 | J54: 68606 | K54: 87 | L54: #MusicForEveryone | M54: #NowPlaying | N54: ChillVibes | O54: =(F54+G54+H54)/I54 -> 0.058723552 | P54: =(_xlfn.XLOOKUP(Table1__3[[#This Row],[Campaign_Name]],Table3[Campaign_Name],Table3[Start_Date])) -> 45667 | Q54: =(_xlfn.XLOOKUP(Table1__3[[#This Row],[Campaign_Name]],Table3[Campaign_Name],Table3[End_Date])) -> 45698 | R54: =IF(Table1__3[[#This Row],[Date]] < Table1__3[[#This Row],[Start_Date]], "Before", IF(AND(Table1__3[[#This Row],[Date]] >= Table1__3[[#This Row],[Start_Date]], Table1__3[[#This Row],[Date]] <= Table1__3[[#This Row],[End_Date]]), "During", "After")) -> Before
A55: SP054 | B55: Instagram | C55: 45722 | D55: Text | E55: Get into the groove with our new drop! | F55: 4851 | G55: 460 | H55: 212 | I55: 58075 | J55: 59574 | K55: 239 | L55: #DiscoverWeekly | N55: IndieWave | O55: =(F55+G55+H55)/I55 -> 0.095101162 | P55: =(_xlfn.XLOOKUP(Table1__3[[#This Row],[Campaign_Name]],Table3[Campaign_Name],Table3[Start_Date])) -> 45717 | Q55: =(_xlfn.XLOOKUP(Table1__3[[#This Row],[Campaign_Name]],Table3[Campaign_Name],Table3[End_Date])) -> 45747 | R55: =IF(Table1__3[[#This Row],[Date]] < Table1__3[[#This Row],[Start_Date]], "Before", IF(AND(Table1__3[[#This Row],[Date]] >= Table1__3[[#This Row],[Start_Date]], Table1__3[[#This Row],[Date]] <= Table1__3[[#This Row],[End_Date]]), "During", "After")) -> During
A56: SP055 | B56: Twitter | C56: 45420 | D56: Text | E56: Explore the latest podcasts now. | F56: 1828 | G56: 450 | H56: 214 | I56: 52115 | J56: 19166 | K56: 190 | L56: #NowPlaying | N56: ChillVibes | O56: =(F56+G56+H56)/I56 -> 0.047817327 | P56: =(_xlfn.XLOOKUP(Table1__3[[#This Row],[Campaign_Name]],Table3[Campaign_Name],Table3[Start_Date])) -> 45667 | Q56: =(_xlfn.XLOOKUP(Table1__3[[#This Row],[Campaign_Name]],Table3[Campaign_Name],Table3[End_Date])) -> 45698 | R56: =IF(Table1__3[[#This Row],[Date]] < Table1__3[[#This Row],[Start_Date]], "Before", IF(AND(Table1__3[[#This Row],[Date]] >= Table1__3[[#This Row],[Start_Date]], Table1__3[[#This Row],[Date]] <= Table1__3[[#This Row],[End_Date]]), "During", "After")) -> Before
A57: SP056 | B57: Instagram | C57: 45707 | D57: Story | E57: From pop to podcasts, itâ€™s all here. | F57: 2422 | G57: 455 | H57: 376 | I57: 23428 | J57: 46775 | K57: 259 | L57: #NowPlaying | N57: Wrapped2024 | O57: =(F57+G57+H57)/I57 -> 0.13885095 | P57: =(_xlfn.XLOOKUP(Table1__3[[#This Row],[Campaign_Name]],Table3[Campaign_Name],Table3[Start_Date])) -> 45627 | Q57: =(_xlfn.XLOOKUP(Table1__3[[#This Row],[Campaign_Name]],Table3[Campaign_Name],Table3[End_Date])) -> 45657 | R57: =IF(Table1__3[[#This Row],[Date]] < Table1__3[[#This Row],[Start_Date]], "Before", IF(AND(Table1__3[[#This Row],[Date]] >= Table1__3[[#This Row],[Start_Date]], Table1__3[[#This Row],[Date]] <= Table1__3[[#This Row],[End_Date]]), "During", "After")) -> After
A58: SP057 | B58: Instagram | C58: 45299 | D58: Text | E58: Top trending tracks updated daily! | F58: 2683 | G58: 405 | H58: 223 | I58: 31233 | J58: 58106 | K58: 291 | L58: #DiscoverWeekly | N58: IndieWave | O58: =(F58+G58+H58)/I58 -> 0.10600967 | P58: =(_xlfn.XLOOKUP(Table1__3[[#This Row],[Campaign_Name]],Table3[Campaign_Name],Table3[Start_Date])) -> 45717 | Q58: =(_xlfn.XLOOKUP(Table1__3[[#This Row],[Campaign_Name]],Table3[Campaign_Name],Table3[End_Date])) -> 45747 | R58: =IF(Table1__3[[#This Row],[Date]] < Table1__3[[#This Row],[Start_Date]], "Before", IF(AND(Table1__3[[#This Row],[Date]] >= Table1__3[[#This Row],[Start_Date]], Table1__3[[#This Row],[Date]] <= Table1__3[[#This Row],[End_Date]]), "During", "After")) -> Before
A59: SP058 | B59: YouTube | C59: 45490 | D59: Text | E59: Top trending tracks updated daily! | F59: 3135 | G59: 110 | H59: 215 | I59: 39192 | J59: 24744 | K59: 177 | L59: #DiscoverWeekly | M59: #SpotifyWrapped | N59: IndieWave | O59: =(F59+G59+H59)/I59 -> 0.088283323 | P59: =(_xlfn.XLOOKUP(Table1__3[[#This Row],[Campaign_Name]],Table3[Campaign_Name],Table3[Start_Date])) -> 45717 | Q59: =(_xlfn.XLOOKUP(Table1__3[[#This Row],[Campaign_Name]],Table3[Campaign_Name],Table3[End_Date])) -> 45747 | R59: =IF(Table1__3[[#This Row],[Date]] < Table1__3[[#This Row],[Start_Date]], "Before", IF(AND(Table1__3[[#This Row],[Date]] >= Table1__3[[#This Row],[Start_Date]], Table1__3[[#This Row],[Date]] <= Table1__3[[#This Row],[End_Date]]), "During", "After")) -> Before
A60: SP059 | B60: YouTube | C60: 45514 | D60: Text | E60: From pop to podcasts, itâ€™s all here. | F60: 1105 | G60: 181 | H60: 55 | I60: 53581 | J60: 74048 | K60: 220 | L60: #DiscoverWeekly | M60: #SpotifyWrapped | N60: IndieWave | O60: =(F60+G60+H60)/I60 -> 0.025027528 | P60: =(_xlfn.XLOOKUP(Table1__3[[#This Row],[Campaign_Name]],Table3[Campaign_Name],Table3[Start_Date])) -> 45717 | Q60: =(_xlfn.XLOOKUP(Table1__3[[#This Row],[Campaign_Name]],Table3[Campaign_Name],Table3[End_Date])) -> 45747 | R60: =IF(Table1__3[[#This Row],[Date]] < Table1__3[[#This Row],[Start_Date]], "Before", IF(AND(Table1__3[[#This Row],[Date]] >= Table1__3[[#This Row],[Start_Date]], Table1__3[[#This Row],[Date]] <= Table1__3[[#This Row],[End_Date]]), "During", "After")) -> Before
A61: SP060 | B61: YouTube | C61: 45398 | D61: Text | E61: Discover fresh beats on Spotify! | F61: 4674 | G61: 326 | H61: 62 | I61: 45503 | J61: 46814 | K61: 116 | L61: #DiscoverWeekly | M61: #SpotifyWrapped | N61: IndieWave | O61: =(F61+G61+H61)/I61 -> 0.11124541 | P61: =(_xlfn.XLOOKUP(Table1__3[[#This Row],[Campaign_Name]],Table3[Campaign_Name],Table3[Start_Date])) -> 45717 | Q61: =(_xlfn.XLOOKUP(Table1__3[[#This Row],[Campaign_Name]],Table3[Campaign_Name],Table3[End_Date])) -> 45747 | R61: =IF(Table1__3[[#This Row],[Date]] < Table1__3[[#This Row],[Start_Date]], "Before", IF(AND(Table1__3[[#This Row],[Date]] >= Table1__3[[#This Row],[Start_Date]], Table1__3[[#This Row],[Date]] <= Table1__3[[#This Row],[End_Date]]), "During", "After")) -> Before
A62: SP061 | B62: YouTube | C62: 45292 | D62: Reel | E62: Explore the latest podcasts now. | F62: 3437 | G62: 129 | H62: 359 | I62: 44558 | J62: 30854 | K62: 171 | L62: #DiscoverWeekly | M62: #SoundtrackOfLife | N62: SummerBeats | O62: =(F62+G62+H62)/I62 -> 0.088087437 | P62: =(_xlfn.XLOOKUP(Table1__3[[#This Row],[Campaign_Name]],Table3[Campaign_Name],Table3[Start_Date])) -> 45458 | Q62: =(_xlfn.XLOOKUP(Table1__3[[#This Row],[Campaign_Name]],Table3[Campaign_Name],Table3[End_Date])) -> 45488 | R62: =IF(Table1__3[[#This Row],[Date]] < Table1__3[[#This Row],[Start_Date]], "Before", IF(AND(Table1__3[[#This Row],[Date]] >= Table1__3[[#This Row],[Start_Date]], Table1__3[[#This Row],[Date]] <= Table1__3[[#This Row],[End_Date]]), "During", "After")) -> Before
A63: SP062 | B63: Twitter | C63: 45599 | D63: Story | E63: Wrapped is here! Relive your top tracks ðŸŽ§ | F63: 1959 | G63: 316 | H63: 82 | I63: 54036 | J63: 69015 | K63: 182 | L63: #MusicForEveryone | M63: #NowPlaying | N63: ChillVibes | O63: =(F63+G63+H63)/I63 -> 0.043619069 | P63: =(_xlfn.XLOOKUP(Table1__3[[#This Row],[Campaign_Name]],Table3[Campaign_Name],Table3[Start_Date])) -> 45667 | Q63: =(_xlfn.XLOOKUP(Table1__3[[#This Row],[Campaign_Name]],Table3[Campaign_Name],Table3[End_Date])) -> 45698 | R63: =IF(Table1__3[[#This Row],[Date]] < Table1__3[[#This Row],[Start_Date]], "Before", IF(AND(Table1__3[[#This Row],[Date]] >= Table1__3[[#This Row],[Start_Date]], Table1__3[[#This Row],[Date]] <= Table1__3[[#This Row],[End_Date]]), "During", "After")) -> Before
A64: SP063 | B64: Twitter | C64: 45480 | D64: Text | E64: New music just dropped. Hit play! | F64: 1035 | G64: 137 | H64: 184 | I64: 37302 | J64: 68953 | K64: 237 | L64: #SoundtrackOfLife | N64: IndieWave | O64: =(F64+G64+H64)/I64 -> 0.036351938 | P64: =(_xlfn.XLOOKUP(Table1__3[[#This Row],[Campaign_Name]],Table3[Campaign_Name],Table3[Start_Date])) -> 45717 | Q64: =(_xlfn.XLOOKUP(Table1__3[[#This Row],[Campaign_Name]],Table3[Campaign_Name],Table3[End_Date])) -> 45747 | R64: =IF(Table1__3[[#This Row],[Date]] < Table1__3[[#This Row],[Start_Date]], "Before", IF(AND(Table1__3[[#This Row],[Date]] >= Table1__3[[#This Row],[Start_Date]], Table1__3[[#This Row],[Date]] <= Table1__3[[#This Row],[End_Date]]), "During", "After")) -> Before
A65: SP064 | B65: Twitter | C65: 45679 | D65: Story | E65: New music just dropped. Hit play! | F65: 4478 | G65: 101 | H65: 121 | I65: 51035 | J65: 58207 | K65: 205 | L65: #MusicForEveryone | M65: #NowPlaying | N65: ChillVibes | O65: =(F65+G65+H65)/I65 -> 0.092093661 | P65: =(_xlfn.XLOOKUP(Table1__3[[#This Row],[Campaign_Name]],Table3[Campaign_Name],Table3[Start_Date])) -> 45667 | Q65: =(_xlfn.XLOOKUP(Table1__3[[#This Row],[Campaign_Name]],Table3[Campaign_Name],Table3[End_Date])) -> 45698 | R65: =IF(Table1__3[[#This Row],[Date]] < Table1__3[[#This Row],[Start_Date]], "Before", IF(AND(Table1__3[[#This Row],[Date]] >= Table1__3[[#This Row],[Start_Date]], Table1__3[[#This Row],[Date]] <= Table1__3[[#This Row],[End_Date]]), "During", "After")) -> During
A66: SP065 | B66: YouTube | C66: 45438 | D66: Text | E66: From pop to podcasts, itâ€™s all here. | F66: 1488 | G66: 327 | H66: 110 | I66: 53805 | J66: 30239 | K66: 109 | L66: #DiscoverWeekly | M66: #SpotifyWrapped | N66: IndieWave | O66: =(F66+G66+H66)/I66 -> 0.035777344 | P66: =(_xlfn.XLOOKUP(Table1__3[[#This Row],[Campaign_Name]],Table3[Campaign_Name],Table3[Start_Date])) -> 45717 | Q66: =(_xlfn.XLOOKUP(Table1__3[[#This Row],[Campaign_Name]],Table3[Campaign_Name],Table3[End_Date])) -> 45747 | R66: =IF(Table1__3[[#This Row],[Date]] < Table1__3[[#This Row],[Start_Date]], "Before", IF(AND(Table1__3[[#This Row],[Date]] >= Table1__3[[#This Row],[Start_Date]], Table1__3[[#This Row],[Date]] <= Table1__3[[#This Row],[End_Date]]), "During", "After")) -> Before
A67: SP066 | B67: Instagram | C67: 45763 | D67: Text | E67: Wrapped is here! Relive your top tracks ðŸŽ§ | F67: 4836 | G67: 331 | H67: 140 | I67: 58792 | J67: 47711 | K67: 227 | L67: #SoundtrackOfLife | M67: #NowPlaying | N67: ChillVibes | O67: =(F67+G67+H67)/I67 -> 0.090267383 | P67: =(_xlfn.XLOOKUP(Table1__3[[#This Row],[Campaign_Name]],Table3[Campaign_Name],Table3[Start_Date])) -> 45667 | Q67: =(_xlfn.XLOOKUP(Table1__3[[#This Row],[Campaign_Name]],Table3[Campaign_Name],Table3[End_Date])) -> 45698 | R67: =IF(Table1__3[[#This Row],[Date]] < Table1__3[[#This Row],[Start_Date]], "Before", IF(AND(Table1__3[[#This Row],[Date]] >= Table1__3[[#This Row],[Start_Date]], Table1__3[[#This Row],[Date]] <= Table1__3[[#This Row],[End_Date]]), "During", "After")) -> After
A68: SP067 | B68: YouTube | C68: 45384 | D68: Reel | E68: Your weekend playlist is waiting. | F68: 4563 | G68: 488 | H68: 356 | I68: 30619 | J68: 23328 | K68: 267 | L68: #DiscoverWeekly | M68: #SoundtrackOfLife | N68: SummerBeats | O68: =(F68+G68+H68)/I68 -> 0.1765897 | P68: =(_xlfn.XLOOKUP(Table1__3[[#This Row],[Campaign_Name]],Table3[Campaign_Name],Table3[Start_Date])) -> 45458 | Q68: =(_xlfn.XLOOKUP(Table1__3[[#This Row],[Campaign_Name]],Table3[Campaign_Name],Table3[End_Date])) -> 45488 | R68: =IF(Table1__3[[#This Row],[Date]] < Table1__3[[#This Row],[Start_Date]], "Before", IF(AND(Table1__3[[#This Row],[Date]] >= Table1__3[[#This Row],[Start_Date]], Table1__3[[#This Row],[Date]] <= Table1__3[[#This Row],[End_Date]]), "During", "After")) -> Before
A69: SP068 | B69: Twitter | C69: 45379 | D69: Text | E69: Music that moves youâ€”only on Spotify. | F69: 3276 | G69: 421 | H69: 114 | I69: 20580 | J69: 30324 | K69: 221 | L69: #SoundtrackOfLife | N69: IndieWave | O69: =(F69+G69+H69)/I69 -> 0.18517979 | P69: =(_xlfn.XLOOKUP(Table1__3[[#This Row],[Campaign_Name]],Table3[Campaign_Name],Table3[Start_Date])) -> 45717 | Q69: =(_xlfn.XLOOKUP(Table1__3[[#This Row],[Campaign_Name]],Table3[Campaign_Name],Table3[End_Date])) -> 45747 | R69: =IF(Table1__3[[#This Row],[Date]] < Table1__3[[#This Row],[Start_Date]], "Before", IF(AND(Table1__3[[#This Row],[Date]] >= Table1__3[[#This Row],[Start_Date]], Table1__3[[#This Row],[Date]] <= Table1__3[[#This Row],[End_Date]]), "During", "After")) -> Before
A70: SP069 | B70: Twitter | C70: 45643 | D70: Story | E70: Music that moves youâ€”only on Spotify. | F70: 1316 | G70: 472 | H70: 286 | I70: 44692 | J70: 53343 | K70: 227 | L70: #DiscoverWeekly | M70: #MusicForEveryone | N70: ChillVibes | O70: =(F70+G70+H70)/I70 -> 0.046406516 | P70: =(_xlfn.XLOOKUP(Table1__3[[#This Row],[Campaign_Name]],Table3[Campaign_Name],Table3[Start_Date])) -> 45667 | Q70: =(_xlfn.XLOOKUP(Table1__3[[#This Row],[Campaign_Name]],Table3[Campaign_Name],Table3[End_Date])) -> 45698 | R70: =IF(Table1__3[[#This Row],[Date]] < Table1__3[[#This Row],[Start_Date]], "Before", IF(AND(Table1__3[[#This Row],[Date]] >= Table1__3[[#This Row],[Start_Date]], Table1__3[[#This Row],[Date]] <= Table1__3[[#This Row],[End_Date]]), "During", "After")) -> Before
A71: SP070 | B71: Twitter | C71: 45662 | D71: Text | E71: Wrapped is here! Relive your top tracks ðŸŽ§ | F71: 4811 | G71: 473 | H71: 254 | I71: 51964 | J71: 68795 | K71: 107 | L71: #NowPlaying | N71: ChillVibes | O71: =(F71+G71+H71)/I71 -> 0.10657378 | P71: =(_xlfn.XLOOKUP(Table1__3[[#This Row],[Campaign_Name]],Table3[Campaign_Name],Table3[Start_Date])) -> 45667 | Q71: =(_xlfn.XLOOKUP(Table1__3[[#This Row],[Campaign_Name]],Table3[Campaign_Name],Table3[End_Date])) -> 45698 | R71: =IF(Table1__3[[#This Row],[Date]] < Table1__3[[#This Row],[Start_Date]], "Before", IF(AND(Table1__3[[#This Row],[Date]] >= Table1__3[[#This Row],[Start_Date]], Table1__3[[#This Row],[Date]] <= Table1__3[[#This Row],[End_Date]]), "During", "After")) -> Before
A72: SP071 | B72: Twitter | C72: 45302 | D72: Text | E72: Whatâ€™s your vibe today? #SpotifyHits | F72: 4218 | G72: 247 | H72: 183 | I72: 28914 | J72: 18310 | K72: 135 | L72: #SoundtrackOfLife | N72: IndieWave | O72: =(F72+G72+H72)/I72 -> 0.16075258 | P72: =(_xlfn.XLOOKUP(Table1__3[[#This Row],[Campaign_Name]],Table3[Campaign_Name],Table3[Start_Date])) -> 45717 | Q72: =(_xlfn.XLOOKUP(Table1__3[[#This Row],[Campaign_Name]],Table3[Campaign_Name],Table3[End_Date])) -> 45747 | R72: =IF(Table1__3[[#This Row],[Date]] < Table1__3[[#This Row],[Start_Date]], "Before", IF(AND(Table1__3[[#This Row],[Date]] >= Table1__3[[#This Row],[Start_Date]], Table1__3[[#This Row],[Date]] <= Table1__3[[#This Row],[End_Date]]), "During", "After")) -> Before
A73: SP072 | B73: Instagram | C73: 45576 | D73: Text | E73: From pop to podcasts, itâ€™s all here. | F73: 1360 | G73: 249 | H73: 52 | I73: 20368 | J73: 42152 | K73: 193 | L73: #DiscoverWeekly | N73: IndieWave | O73: =(F73+G73+H73)/I73 -> 0.081549489 | P73: =(_xlfn.XLOOKUP(Table1__3[[#This Row],[Campaign_Name]],Table3[Campaign_Name],Table3[Start_Date])) -> 45717 | Q73: =(_xlfn.XLOOKUP(Table1__3[[#This Row],[Campaign_Name]],Table3[Campaign_Name],Table3[End_Date])) -> 45747 | R73: =IF(Table1__3[[#This Row],[Date]] < Table1__3[[#This Row],[Start_Date]], "Before", IF(AND(Table1__3[[#This Row],[Date]] >= Table1__3[[#This Row],[Start_Date]], Table1__3[[#This Row],[Date]] <= Table1__3[[#This Row],[End_Date]]), "During", "After")) -> Before
A74: SP073 | B74: YouTube | C74: 45783 | D74: Reel | E74: Discover fresh beats on Spotify! | F74: 1085 | G74: 496 | H74: 320 | I74: 36528 | J74: 38599 | K74: 270 | L74: #DiscoverWeekly | M74: #SoundtrackOfLife | N74: SummerBeats | O74: =(F74+G74+H74)/I74 -> 0.052042269 | P74: =(_xlfn.XLOOKUP(Table1__3[[#This Row],[Campaign_Name]],Table3[Campaign_Name],Table3[Start_Date])) -> 45458 | Q74: =(_xlfn.XLOOKUP(Table1__3[[#This Row],[Campaign_Name]],Table3[Campaign_Name],Table3[End_Date])) -> 45488 | R74: =IF(Table1__3[[#This Row],[Date]] < Table1__3[[#This Row],[Start_Date]], "Before", IF(AND(Table1__3[[#This Row],[Date]] >= Table1__3[[#This Row],[Start_Date]], Table1__3[[#This Row],[Date]] <= Table1__3[[#This Row],[End_Date]]), "During", "After")) -> After
A75: SP074 | B75: Twitter | C75: 45431 | D75: Story | E75: Get into the groove with our new drop! | F75: 1763 | G75: 206 | H75: 187 | I75: 53342 | J75: 25095 | K75: 88 | L75: #DiscoverWeekly | M75: #MusicForEveryone | N75: ChillVibes | O75: =(F75+G75+H75)/I75 -> 0.040418432 | P75: =(_xlfn.XLOOKUP(Table1__3[[#This Row],[Campaign_Name]],Table3[Campaign_Name],Table3[Start_Date])) -> 45667 | Q75: =(_xlfn.XLOOKUP(Table1__3[[#This Row],[Campaign_Name]],Table3[Campaign_Name],Table3[End_Date])) -> 45698 | R75: =IF(Table1__3[[#This Row],[Date]] < Table1__3[[#This Row],[Start_Date]], "Before", IF(AND(Table1__3[[#This Row],[Date]] >= Table1__3[[#This Row],[Start_Date]], Table1__3[[#This Row],[Date]] <= Table1__3[[#This Row],[End_Date]]), "During", "After")) -> Before
A76: SP075 | B76: Twitter | C76: 45313 | D76: Story | E76: From pop to podcasts, itâ€™s all here. | F76: 1554 | G76: 455 | H76: 158 | I76: 41947 | J76: 48578 | K76: 101 | L76: #SoundtrackOfLife | M76: #NowPlaying | N76: ChillVibes | O76: =(F76+G76+H76)/I76 -> 0.051660429 | P76: =(_xlfn.XLOOKUP(Table1__3[[#This Row],[Campaign_Name]],Table3[Campaign_Name],Table3[Start_Date])) -> 45667 | Q76: =(_xlfn.XLOOKUP(Table1__3[[#This Row],[Campaign_Name]],Table3[Campaign_Name],Table3[End_Date])) -> 45698 | R76: =IF(Table1__3[[#This Row],[Date]] < Table1__3[[#This Row],[Start_Date]], "Before", IF(AND(Table1__3[[#This Row],[Date]] >= Table1__3[[#This Row],[Start_Date]], Table1__3[[#This Row],[Date]] <= Table1__3[[#This Row],[End_Date]]), "During", "After")) -> Before
A77: SP076 | B77: Instagram | C77: 45487 | D77: Text | E77: Wrapped is here! Relive your top tracks ðŸŽ§ | F77: 2464 | G77: 401 | H77: 78 | I77: 38665 | J77: 73593 | K77: 207 | L77: #DiscoverWeekly | N77: IndieWave | O77: =(F77+G77+H77)/I77 -> 0.07611535 | P77: =(_xlfn.XLOOKUP(Table1__3[[#This Row],[Campaign_Name]],Table3[Campaign_Name],Table3[Start_Date])) -> 45717 | Q77: =(_xlfn.XLOOKUP(Table1__3[[#This Row],[Campaign_Name]],Table3[Campaign_Name],Table3[End_Date])) -> 45747 | R77: =IF(Table1__3[[#This Row],[Date]] < Table1__3[[#This Row],[Start_Date]], "Before", IF(AND(Table1__3[[#This Row],[Date]] >= Table1__3[[#This Row],[Start_Date]], Table1__3[[#This Row],[Date]] <= Table1__3[[#This Row],[End_Date]]), "During", "After")) -> Before
A78: SP077 | B78: Twitter | C78: 45805 | D78: Text | E78: From pop to podcasts, itâ€™s all here. | F78: 2418 | G78: 161 | H78: 360 | I78: 30589 | J78: 41383 | K78: 88 | L78: #NowPlaying | N78: ChillVibes | O78: =(F78+G78+H78)/I78 -> 0.09608029 | P78: =(_xlfn.XLOOKUP(Table1__3[[#This Row],[Campaign_Name]],Table3[Campaign_Name],Table3[Start_Date])) -> 45667 | Q78: =(_xlfn.XLOOKUP(Table1__3[[#This Row],[Campaign_Name]],Table3[Campaign_Name],Table3[End_Date])) -> 45698 | R78: =IF(Table1__3[[#This Row],[Date]] < Table1__3[[#This Row],[Start_Date]], "Before", IF(AND(Table1__3[[#This Row],[Date]] >= Table1__3[[#This Row],[Start_Date]], Table1__3[[#This Row],[Date]] <= Table1__3[[#This Row],[End_Date]]), "During", "After")) -> After
A79: SP078 | B79: Twitter | C79: 45678 | D79: Story | E79: Discover fresh beats on Spotify! | F79: 2494 | G79: 494 | H79: 55 | I79: 22580 | J79: 22214 | K79: 109 | L79: #MusicForEveryone | M79: #NowPlaying | N79: ChillVibes | O79: =(F79+G79+H79)/I79 -> 0.13476528 | P79: =(_xlfn.XLOOKUP(Table1__3[[#This Row],[Campaign_Name]],Table3[Campaign_Name],Table3[Start_Date])) -> 45667 | Q79: =(_xlfn.XLOOKUP(Table1__3[[#This Row],[Campaign_Name]],Table3[Campaign_Name],Table3[End_Date])) -> 45698 | R79: =IF(Table1__3[[#This Row],[Date]] < Table1__3[[#This Row],[Start_Date]], "Before", IF(AND(Table1__3[[#This Row],[Date]] >= Table1__3[[#This Row],[Start_Date]], Table1__3[[#This Row],[Date]] <= Table1__3[[#This Row],[End_Date]]), "During", "After")) -> During
A80: SP079 | B80: YouTube | C80: 45304 | D80: Reel | E80: New music just dropped. Hit play! | F80: 4781 | G80: 191 | H80: 122 | I80: 35535 | J80: 50777 | K80: 128 | L80: #DiscoverWeekly | M80: #SoundtrackOfLife | N80: SummerBeats | O80: =(F80+G80+H80)/I80 -> 0.14335163 | P80: =(_xlfn.XLOOKUP(Table1__3[[#This Row],[Campaign_Name]],Table3[Campaign_Name],Table3[Start_Date])) -> 45458 | Q80: =(_xlfn.XLOOKUP(Table1__3[[#This Row],[Campaign_Name]],Table3[Campaign_Name],Table3[End_Date])) -> 45488 | R80: =IF(Table1__3[[#This Row],[Date]] < Table1__3[[#This Row],[Start_Date]], "Before", IF(AND(Table1__3[[#This Row],[Date]] >= Table1__3[[#This Row],[Start_Date]], Table1__3[[#This Row],[Date]] <= Table1__3[[#This Row],[End_Date]]), "During", "After")) -> Before
A81: SP080 | B81: Instagram | C81: 45825 | D81: Text | E81: Music that moves youâ€”only on Spotify. | F81: 2284 | G81: 187 | H81: 260 | I81: 37400 | J81: 65014 | K81: 157 | L81: #SoundtrackOfLife | M81: #NowPlaying | N81: ChillVibes | O81: =(F81+G81+H81)/I81 -> 0.07302139 | P81: =(_xlfn.XLOOKUP(Table1__3[[#This Row],[Campaign_Name]],Table3[Campaign_Name],Table3[Start_Date])) -> 45667 | Q81: =(_xlfn.XLOOKUP(Table1__3[[#This Row],[Campaign_Name]],Table3[Campaign_Name],Table3[End_Date])) -> 45698 | R81: =IF(Table1__3[[#This Row],[Date]] < Table1__3[[#This Row],[Start_Date]], "Before", IF(AND(Table1__3[[#This Row],[Date]] >= Table1__3[[#This Row],[Start_Date]], Table1__3[[#This Row],[Date]] <= Table1__3[[#This Row],[End_Date]]), "During", "After")) -> After
A82: SP081 | B82: Twitter | C82: 45723 | D82: Text | E82: Get into the groove with our new drop! | F82: 4234 | G82: 486 | H82: 276 | I82: 56623 | J82: 41343 | K82: 184 | L82: #SoundtrackOfLife | N82: IndieWave | O82: =(F82+G82+H82)/I82 -> 0.088232697 | P82: =(_xlfn.XLOOKUP(Table1__3[[#This Row],[Campaign_Name]],Table3[Campaign_Name],Table3[Start_Date])) -> 45717 | Q82: =(_xlfn.XLOOKUP(Table1__3[[#This Row],[Campaign_Name]],Table3[Campaign_Name],Table3[End_Date])) -> 45747 | R82: =IF(Table1__3[[#This Row],[Date]] < Table1__3[[#This Row],[Start_Date]], "Before", IF(AND(Table1__3[[#This Row],[Date]] >= Table1__3[[#This Row],[Start_Date]], Table1__3[[#This Row],[Date]] <= Table1__3[[#This Row],[End_Date]]), "During", "After")) -> During
A83: SP082 | B83: Instagram | C83: 45530 | D83: Text | E83: Your weekend playlist is waiting. | F83: 2102 | G83: 181 | H83: 306 | I83: 43650 | J83: 50079 | K83: 182 | L83: #DiscoverWeekly | N83: IndieWave | O83: =(F83+G83+H83)/I83 -> 0.059312715 | P83: =(_xlfn.XLOOKUP(Table1__3[[#This Row],[Campaign_Name]],Table3[Campaign_Name],Table3[Start_Date])) -> 45717 | Q83: =(_xlfn.XLOOKUP(Table1__3[[#This Row],[Campaign_Name]],Table3[Campaign_Name],Table3[End_Date])) -> 45747 | R83: =IF(Table1__3[[#This Row],[Date]] < Table1__3[[#This Row],[Start_Date]], "Before", IF(AND(Table1__3[[#This Row],[Date]] >= Table1__3[[#This Row],[Start_Date]], Table1__3[[#This Row],[Date]] <= Table1__3[[#This Row],[End_Date]]), "During", "After")) -> Before
A84: SP083 | B84: Twitter | C84: 45660 | D84: Story | E84: Get into the groove with our new drop! | F84: 4845 | G84: 158 | H84: 84 | I84: 34578 | J84: 51480 | K84: 180 | L84: #SoundtrackOfLife | M84: #NowPlaying | N84: ChillVibes | O84: =(F84+G84+H84)/I84 -> 0.14711666 | P84: =(_xlfn.XLOOKUP(Table1__3[[#This Row],[Campaign_Name]],Table3[Campaign_Name],Table3[Start_Date])) -> 45667 | Q84: =(_xlfn.XLOOKUP(Table1__3[[#This Row],[Campaign_Name]],Table3[Campaign_Name],Table3[End_Date])) -> 45698 | R84: =IF(Table1__3[[#This Row],[Date]] < Table1__3[[#This Row],[Start_Date]], "Before", IF(AND(Table1__3[[#This Row],[Date]] >= Table1__3[[#This Row],[Start_Date]], Table1__3[[#This Row],[Date]] <= Table1__3[[#This Row],[End_Date]]), "During", "After")) -> Before
A85: SP084 | B85: Twitter | C85: 45507 | D85: Text | E85: Your weekend playlist is waiting. | F85: 4247 | G85: 390 | H85: 213 | I85: 29785 | J85: 57768 | K85: 122 | L85: #NowPlaying | N85: ChillVibes | O85: =(F85+G85+H85)/I85 -> 0.16283364 | P85: =(_xlfn.XLOOKUP(Table1__3[[#This Row],[Campaign_Name]],Table3[Campaign_Name],Table3[Start_Date])) -> 45667 | Q85: =(_xlfn.XLOOKUP(Table1__3[[#This Row],[Campaign_Name]],Table3[Campaign_Name],Table3[End_Date])) -> 45698 | R85: =IF(Table1__3[[#This Row],[Date]] < Table1__3[[#This Row],[Start_Date]], "Before", IF(AND(Table1__3[[#This Row],[Date]] >= Table1__3[[#This Row],[Start_Date]], Table1__3[[#This Row],[Date]] <= Table1__3[[#This Row],[End_Date]]), "During", "After")) -> Before
A86: SP085 | B86: Instagram | C86: 45522 | D86: Text | E86: Explore the latest podcasts now. | F86: 2965 | G86: 328 | H86: 171 | I86: 57685 | J86: 67536 | K86: 264 | L86: #SoundtrackOfLife | M86: #NowPlaying | N86: ChillVibes | O86: =(F86+G86+H86)/I86 -> 0.060050273 | P86: =(_xlfn.XLOOKUP(Table1__3[[#This Row],[Campaign_Name]],Table3[Campaign_Name],Table3[Start_Date])) -> 45667 | Q86: =(_xlfn.XLOOKUP(Table1__3[[#This Row],[Campaign_Name]],Table3[Campaign_Name],Table3[End_Date])) -> 45698 | R86: =IF(Table1__3[[#This Row],[Date]] < Table1__3[[#This Row],[Start_Date]], "Before", IF(AND(Table1__3[[#This Row],[Date]] >= Table1__3[[#This Row],[Start_Date]], Table1__3[[#This Row],[Date]] <= Table1__3[[#This Row],[End_Date]]), "During", "After")) -> Before
A87: SP086 | B87: Twitter | C87: 45791 | D87: Story | E87: Wrapped is here! Relive your top tracks ðŸŽ§ | F87: 1371 | G87: 139 | H87: 96 | I87: 36140 | J87: 39395 | K87: 169 | L87: #SoundtrackOfLife | M87: #NowPlaying | N87: ChillVibes | O87: =(F87+G87+H87)/I87 -> 0.044438296 | P87: =(_xlfn.XLOOKUP(Table1__3[[#This Row],[Campaign_Name]],Table3[Campaign_Name],Table3[Start_Date])) -> 45667 | Q87: =(_xlfn.XLOOKUP(Table1__3[[#This Row],[Campaign_Name]],Table3[Campaign_Name],Table3[End_Date])) -> 45698 | R87: =IF(Table1__3[[#This Row],[Date]] < Table1__3[[#This Row],[Start_Date]], "Before", IF(AND(Table1__3[[#This Row],[Date]] >= Table1__3[[#This Row],[Start_Date]], Table1__3[[#This Row],[Date]] <= Table1__3[[#This Row],[End_Date]]), "During", "After")) -> After
A88: SP087 | B88: Twitter | C88: 45405 | D88: Story | E88: Discover fresh beats on Spotify! | F88: 2683 | G88: 496 | H88: 89 | I88: 53435 | J88: 30334 | K88: 160 | L88: #SoundtrackOfLife | M88: #NowPlaying | N88: ChillVibes | O88: =(F88+G88+H88)/I88 -> 0.061158417 | P88: =(_xlfn.XLOOKUP(Table1__3[[#This Row],[Campaign_Name]],Table3[Campaign_Name],Table3[Start_Date])) -> 45667 | Q88: =(_xlfn.XLOOKUP(Table1__3[[#This Row],[Campaign_Name]],Table3[Campaign_Name],Table3[End_Date])) -> 45698 | R88: =IF(Table1__3[[#This Row],[Date]] < Table1__3[[#This Row],[Start_Date]], "Before", IF(AND(Table1__3[[#This Row],[Date]] >= Table1__3[[#This Row],[Start_Date]], Table1__3[[#This Row],[Date]] <= Table1__3[[#This Row],[End_Date]]), "During", "After")) -> Before
A89: SP088 | B89: Twitter | C89: 45705 | D89: Story | E89: Whatâ€™s your vibe today? #SpotifyHits | F89: 4796 | G89: 427 | H89: 339 | I89: 30752 | J89: 33870 | K89: 298 | L89: #SoundtrackOfLife | M89: #NowPlaying | N89: ChillVibes | O89: =(F89+G89+H89)/I89 -> 0.18086629 | P89: =(_xlfn.XLOOKUP(Table1__3[[#This Row],[Campaign_Name]],Table3[Campaign_Name],Table3[Start_Date])) -> 45667 | Q89: =(_xlfn.XLOOKUP(Table1__3[[#This Row],[Campaign_Name]],Table3[Campaign_Name],Table3[End_Date])) -> 45698 | R89: =IF(Table1__3[[#This Row],[Date]] < Table1__3[[#This Row],[Start_Date]], "Before", IF(AND(Table1__3[[#This Row],[Date]] >= Table1__3[[#This Row],[Start_Date]], Table1__3[[#This Row],[Date]] <= Table1__3[[#This Row],[End_Date]]), "During", "After")) -> After
A90: SP089 | B90: Instagram | C90: 45630 | D90: Text | E90: Wrapped is here! Relive your top tracks ðŸŽ§ | F90: 2601 | G90: 336 | H90: 260 | I90: 32368 | J90: 49028 | K90: 120 | L90: #SoundtrackOfLife | M90: #NowPlaying | N90: ChillVibes | O90: =(F90+G90+H90)/I90 -> 0.098770391 | P90: =(_xlfn.XLOOKUP(Table1__3[[#This Row],[Campaign_Name]],Table3[Campaign_Name],Table3[Start_Date])) -> 45667 | Q90: =(_xlfn.XLOOKUP(Table1__3[[#This Row],[Campaign_Name]],Table3[Campaign_Name],Table3[End_Date])) -> 45698 | R90: =IF(Table1__3[[#This Row],[Date]] < Table1__3[[#This Row],[Start_Date]], "Before", IF(AND(Table1__3[[#This Row],[Date]] >= Table1__3[[#This Row],[Start_Date]], Table1__3[[#This Row],[Date]] <= Table1__3[[#This Row],[End_Date]]), "During", "After")) -> Before
A91: SP090 | B91: Twitter | C91: 45495 | D91: Story | E91: Wrapped is here! Relive your top tracks ðŸŽ§ | F91: 3336 | G91: 229 | H91: 337 | I91: 22117 | J91: 26205 | K91: 160 | L91: #MusicForEveryone | M91: #NowPlaying | N91: ChillVibes | O91: =(F91+G91+H91)/I91 -> 0.17642537 | P91: =(_xlfn.XLOOKUP(Table1__3[[#This Row],[Campaign_Name]],Table3[Campaign_Name],Table3[Start_Date])) -> 45667 | Q91: =(_xlfn.XLOOKUP(Table1__3[[#This Row],[Campaign_Name]],Table3[Campaign_Name],Table3[End_Date])) -> 45698 | R91: =IF(Table1__3[[#This Row],[Date]] < Table1__3[[#This Row],[Start_Date]], "Before", IF(AND(Table1__3[[#This Row],[Date]] >= Table1__3[[#This Row],[Start_Date]], Table1__3[[#This Row],[Date]] <= Table1__3[[#This Row],[End_Date]]), "During", "After")) -> Before
A92: SP091 | B92: Twitter | C92: 45774 | D92: Text | E92: Explore the latest podcasts now. | F92: 1165 | G92: 294 | H92: 163 | I92: 20659 | J92: 45926 | K92: 111 | L92: #SoundtrackOfLife | N92: IndieWave | O92: =(F92+G92+H92)/I92 -> 0.078512997 | P92: =(_xlfn.XLOOKUP(Table1__3[[#This Row],[Campaign_Name]],Table3[Campaign_Name],Table3[Start_Date])) -> 45717 | Q92: =(_xlfn.XLOOKUP(Table1__3[[#This Row],[Campaign_Name]],Table3[Campaign_Name],Table3[End_Date])) -> 45747 | R92: =IF(Table1__3[[#This Row],[Date]] < Table1__3[[#This Row],[Start_Date]], "Before", IF(AND(Table1__3[[#This Row],[Date]] >= Table1__3[[#This Row],[Start_Date]], Table1__3[[#This Row],[Date]] <= Table1__3[[#This Row],[End_Date]]), "During", "After")) -> After
A93: SP092 | B93: YouTube | C93: 45376 | D93: Reel | E93: Explore the latest podcasts now. | F93: 1948 | G93: 155 | H93: 315 | I93: 30321 | J93: 57121 | K93: 82 | L93: #DiscoverWeekly | M93: #SoundtrackOfLife | N93: SummerBeats | O93: =(F93+G93+H93)/I93 -> 0.07974671 | P93: =(_xlfn.XLOOKUP(Table1__3[[#This Row],[Campaign_Name]],Table3[Campaign_Name],Table3[Start_Date])) -> 45458 | Q93: =(_xlfn.XLOOKUP(Table1__3[[#This Row],[Campaign_Name]],Table3[Campaign_Name],Table3[End_Date])) -> 45488 | R93: =IF(Table1__3[[#This Row],[Date]] < Table1__3[[#This Row],[Start_Date]], "Before", IF(AND(Table1__3[[#This Row],[Date]] >= Table1__3[[#This Row],[Start_Date]], Table1__3[[#This Row],[Date]] <= Table1__3[[#This Row],[End_Date]]), "During", "After")) -> Before
A94: SP093 | B94: Instagram | C94: 45351 | D94: Text | E94: From pop to podcasts, itâ€™s all here. | F94: 1100 | G94: 229 | H94: 312 | I94: 25641 | J94: 34601 | K94: 169 | L94: #DiscoverWeekly | N94: IndieWave | O94: =(F94+G94+H94)/I94 -> 0.063999064 | P94: =(_xlfn.XLOOKUP(Table1__3[[#This Row],[Campaign_Name]],Table3[Campaign_Name],Table3[Start_Date])) -> 45717 | Q94: =(_xlfn.XLOOKUP(Table1__3[[#This Row],[Campaign_Name]],Table3[Campaign_Name],Table3[End_Date])) -> 45747 | R94: =IF(Table1__3[[#This Row],[Date]] < Table1__3[[#This Row],[Start_Date]], "Before", IF(AND(Table1__3[[#This Row],[Date]] >= Table1__3[[#This Row],[Start_Date]], Table1__3[[#This Row],[Date]] <= Table1__3[[#This Row],[End_Date]]), "During", "After")) -> Before
A95: SP094 | B95: Twitter | C95: 45609 | D95: Story | E95: Top trending tracks updated daily! | F95: 4628 | G95: 257 | H95: 397 | I95: 36686 | J95: 54683 | K95: 98 | L95: #SoundtrackOfLife | M95: #NowPlaying | N95: ChillVibes | O95: =(F95+G95+H95)/I95 -> 0.14397863 | P95: =(_xlfn.XLOOKUP(Table1__3[[#This Row],[Campaign_Name]],Table3[Campaign_Name],Table3[Start_Date])) -> 45667 | Q95: =(_xlfn.XLOOKUP(Table1__3[[#This Row],[Campaign_Name]],Table3[Campaign_Name],Table3[End_Date])) -> 45698 | R95: =IF(Table1__3[[#This Row],[Date]] < Table1__3[[#This Row],[Start_Date]], "Before", IF(AND(Table1__3[[#This Row],[Date]] >= Table1__3[[#This Row],[Start_Date]], Table1__3[[#This Row],[Date]] <= Table1__3[[#This Row],[End_Date]]), "During", "After")) -> Before
A96: SP095 | B96: Instagram | C96: 45373 | D96: Story | E96: Discover fresh beats on Spotify! | F96: 2319 | G96: 484 | H96: 193 | I96: 21202 | J96: 18091 | K96: 241 | L96: #NowPlaying | N96: Wrapped2024 | O96: =(F96+G96+H96)/I96 -> 0.14130742 | P96: =(_xlfn.XLOOKUP(Table1__3[[#This Row],[Campaign_Name]],Table3[Campaign_Name],Table3[Start_Date])) -> 45627 | Q96: =(_xlfn.XLOOKUP(Table1__3[[#This Row],[Campaign_Name]],Table3[Campaign_Name],Table3[End_Date])) -> 45657 | R96: =IF(Table1__3[[#This Row],[Date]] < Table1__3[[#This Row],[Start_Date]], "Before", IF(AND(Table1__3[[#This Row],[Date]] >= Table1__3[[#This Row],[Start_Date]], Table1__3[[#This Row],[Date]] <= Table1__3[[#This Row],[End_Date]]), "During", "After")) -> Before
A97: SP096 | B97: Twitter | C97: 45367 | D97: Story | E97: Wrapped is here! Relive your top tracks ðŸŽ§ | F97: 2895 | G97: 292 | H97: 90 | I97: 24223 | J97: 54626 | K97: 114 | L97: #SoundtrackOfLife | M97: #NowPlaying | N97: ChillVibes | O97: =(F97+G97+H97)/I97 -> 0.13528465 | P97: =(_xlfn.XLOOKUP(Table1__3[[#This Row],[Campaign_Name]],Table3[Campaign_Name],Table3[Start_Date])) -> 45667 | Q97: =(_xlfn.XLOOKUP(Table1__3[[#This Row],[Campaign_Name]],Table3[Campaign_Name],Table3[End_Date])) -> 45698 | R97: =IF(Table1__3[[#This Row],[Date]] < Table1__3[[#This Row],[Start_Date]], "Before", IF(AND(Table1__3[[#This Row],[Date]] >= Table1__3[[#This Row],[Start_Date]], Table1__3[[#This Row],[Date]] <= Table1__3[[#This Row],[End_Date]]), "During", "After")) -> Before
A98: SP097 | B98: Instagram | C98: 45317 | D98: Text | E98: Whatâ€™s your vibe today? #SpotifyHits | F98: 3878 | G98: 431 | H98: 97 | I98: 41763 | J98: 29729 | K98: 191 | L98: #DiscoverWeekly | N98: IndieWave | O98: =(F98+G98+H98)/I98 -> 0.10550008 | P98: =(_xlfn.XLOOKUP(Table1__3[[#This Row],[Campaign_Name]],Table3[Campaign_Name],Table3[Start_Date])) -> 45717 | Q98: =(_xlfn.XLOOKUP(Table1__3[[#This Row],[Campaign_Name]],Table3[Campaign_Name],Table3[End_Date])) -> 45747 | R98: =IF(Table1__3[[#This Row],[Date]] < Table1__3[[#This Row],[Start_Date]], "Before", IF(AND(Table1__3[[#This Row],[Date]] >= Table1__3[[#This Row],[Start_Date]], Table1__3[[#This Row],[Date]] <= Table1__3[[#This Row],[End_Date]]), "During", "After")) -> Before
A99: SP098 | B99: Twitter | C99: 45366 | D99: Story | E99: Get into the groove with our new drop! | F99: 4969 | G99: 433 | H99: 237 | I99: 59552 | J99: 23885 | K99: 157 | L99: #DiscoverWeekly | M99: #MusicForEveryone | N99: ChillVibes | O99: =(F99+G99+H99)/I99 -> 0.094690355 | P99: =(_xlfn.XLOOKUP(Table1__3[[#This Row],[Campaign_Name]],Table3[Campaign_Name],Table3[Start_Date])) -> 45667 | Q99: =(_xlfn.XLOOKUP(Table1__3[[#This Row],[Campaign_Name]],Table3[Campaign_Name],Table3[End_Date])) -> 45698 | R99: =IF(Table1__3[[#This Row],[Date]] < Table1__3[[#This Row],[Start_Date]], "Before", IF(AND(Table1__3[[#This Row],[Date]] >= Table1__3[[#This Row],[Start_Date]], Table1__3[[#This Row],[Date]] <= Table1__3[[#This Row],[End_Date]]), "During", "After")) -> Before
A100: SP099 | B100: Twitter | C100: 45580 | D100: Text | E100: Wrapped is here! Relive your top tracks ðŸŽ§ | F100: 1984 | G100: 481 | H100: 356 | I100: 40681 | J100: 63111 | K100: 258 | L100: #NowPlaying | N100: ChillVibes | O100: =(F100+G100+H100)/I100 -> 0.069344411 | P100: =(_xlfn.XLOOKUP(Table1__3[[#This Row],[Campaign_Name]],Table3[Campaign_Name],Table3[Start_Date])) -> 45667 | Q100: =(_xlfn.XLOOKUP(Table1__3[[#This Row],[Campaign_Name]],Table3[Campaign_Name],Table3[End_Date])) -> 45698 | R100: =IF(Table1__3[[#This Row],[Date]] < Table1__3[[#This Row],[Start_Date]], "Before", IF(AND(Table1__3[[#This Row],[Date]] >= Table1__3[[#This Row],[Start_Date]], Table1__3[[#This Row],[Date]] <= Table1__3[[#This Row],[End_Date]]), "During", "After")) -> Before
...

Sheet Engagement Summary
A1: Week_Start_Date | B1: Platform | C1: New_Followers | D1: Unfollows | E1: net followers grth | F1: Total_Followers | G1: Engagement_Rate | H1: Ad_Spend | I1: Weekly groth rate | J1: campign name | K1: ROI
A2: 45446 | B2: Instagram | C2: 1402 | D2: 68 | E2: =Table2[[#This Row],[New_Followers]]-Table2[[#This Row],[Unfollows]] -> 1334 | F2: 124562 | G2: 9.92 | H2: 23125 | I2: 0 | J2: {=IFERROR(INDEX(Table3[[#All],[Campaign_Name]],MATCH(1,(Table2[[#This Row],[Week_Start_Date]]>=Table3[[#All],[Start_Date]])*(Table2[[#This Row],[Week_Start_Date]]<=Table3[[#All],[End_Date]]),0)),"No Campign")} -> No Campign | K2: =Table2[[#This Row],[Engagement_Rate]]/Table2[[#This Row],[Ad_Spend]] -> 0.00042897297
A3: 45446 | B3: Twitter | C3: 995 | D3: 86 | E3: =Table2[[#This Row],[New_Followers]]-Table2[[#This Row],[Unfollows]] -> 909 | F3: 227958 | G3: 8.05 | H3: 22788 | I3: 0 | J3: {=IFERROR(INDEX(Table3[[#All],[Campaign_Name]],MATCH(1,(Table2[[#This Row],[Week_Start_Date]]>=Table3[[#All],[Start_Date]])*(Table2[[#This Row],[Week_Start_Date]]<=Table3[[#All],[End_Date]]),0)),"No Campign")} -> No Campign | K3: =Table2[[#This Row],[Engagement_Rate]]/Table2[[#This Row],[Ad_Spend]] -> 0.0003532561
A4: 45446 | B4: YouTube | C4: 1472 | D4: 296 | E4: =Table2[[#This Row],[New_Followers]]-Table2[[#This Row],[Unfollows]] -> 1176 | F4: 370242 | G4: 7.72 | H4: 7810 | I4: 0 | J4: {=IFERROR(INDEX(Table3[[#All],[Campaign_Name]],MATCH(1,(Table2[[#This Row],[Week_Start_Date]]>=Table3[[#All],[Start_Date]])*(Table2[[#This Row],[Week_Start_Date]]<=Table3[[#All],[End_Date]]),0)),"No Campign")} -> No Campign | K4: =Table2[[#This Row],[Engagement_Rate]]/Table2[[#This Row],[Ad_Spend]] -> 0.00098847631
A5: 45453 | B5: Instagram | C5: 1018 | D5: 90 | E5: =Table2[[#This Row],[New_Followers]]-Table2[[#This Row],[Unfollows]] -> 928 | F5: 92474 | G5: 9.4 | H5: 11966 | I5: =(Table2[[#This Row],[Total_Followers]]-F2)/F2 -> -0.25760665 | J5: {=IFERROR(INDEX(Table3[[#All],[Campaign_Name]],MATCH(1,(Table2[[#This Row],[Week_Start_Date]]>=Table3[[#All],[Start_Date]])*(Table2[[#This Row],[Week_Start_Date]]<=Table3[[#All],[End_Date]]),0)),"No Campign")} -> No Campign | K5: =Table2[[#This Row],[Engagement_Rate]]/Table2[[#This Row],[Ad_Spend]] -> 0.00078555908
A6: 45453 | B6: Twitter | C6: 1461 | D6: 64 | E6: =Table2[[#This Row],[New_Followers]]-Table2[[#This Row],[Unfollows]] -> 1397 | F6: 328902 | G6: 9.02 | H6: 26298 | I6: =(Table2[[#This Row],[Total_Followers]]-F3)/F3 -> 0.44281841 | J6: {=IFERROR(INDEX(Table3[[#All],[Campaign_Name]],MATCH(1,(Table2[[#This Row],[Week_Start_Date]]>=Table3[[#All],[Start_Date]])*(Table2[[#This Row],[Week_Start_Date]]<=Table3[[#All],[End_Date]]),0)),"No Campign")} -> No Campign | K6: =Table2[[#This Row],[Engagement_Rate]]/Table2[[#This Row],[Ad_Spend]] -> 0.00034299186
A7: 45453 | B7: YouTube | C7: 545 | D7: 93 | E7: =Table2[[#This Row],[New_Followers]]-Table2[[#This Row],[Unfollows]] -> 452 | F7: 391621 | G7: 9.96 | H7: 22029 | I7: =(Table2[[#This Row],[Total_Followers]]-F4)/F4 -> 0.057743314 | J7: {=IFERROR(INDEX(Table3[[#All],[Campaign_Name]],MATCH(1,(Table2[[#This Row],[Week_Start_Date]]>=Table3[[#All],[Start_Date]])*(Table2[[#This Row],[Week_Start_Date]]<=Table3[[#All],[End_Date]]),0)),"No Campign")} -> No Campign | K7: =Table2[[#This Row],[Engagement_Rate]]/Table2[[#This Row],[Ad_Spend]] -> 0.00045213128
A8: 45460 | B8: Instagram | C8: 881 | D8: 291 | E8: =Table2[[#This Row],[New_Followers]]-Table2[[#This Row],[Unfollows]] -> 590 | F8: 95885 | G8: 5.29 | H8: 12391 | I8: =(Table2[[#This Row],[Total_Followers]]-F5)/F5 -> 0.036886044 | J8: {=IFERROR(INDEX(Table3[[#All],[Campaign_Name]],MATCH(1,(Table2[[#This Row],[Week_Start_Date]]>=Table3[[#All],[Start_Date]])*(Table2[[#This Row],[Week_Start_Date]]<=Table3[[#All],[End_Date]]),0)),"No Campign")} -> SummerBeats | K8: =Table2[[#This Row],[Engagement_Rate]]/Table2[[#This Row],[Ad_Spend]] -> 0.00042692277
A9: 45460 | B9: Twitter | C9: 1414 | D9: 131 | E9: =Table2[[#This Row],[New_Followers]]-Table2[[#This Row],[Unfollows]] -> 1283 | F9: 245947 | G9: 8.3 | H9: 14477 | I9: =(Table2[[#This Row],[Total_Followers]]-F6)/F6 -> -0.25221799 | J9: {=IFERROR(INDEX(Table3[[#All],[Campaign_Name]],MATCH(1,(Table2[[#This Row],[Week_Start_Date]]>=Table3[[#All],[Start_Date]])*(Table2[[#This Row],[Week_Start_Date]]<=Table3[[#All],[End_Date]]),0)),"No Campign")} -> SummerBeats | K9: =Table2[[#This Row],[Engagement_Rate]]/Table2[[#This Row],[Ad_Spend]] -> 0.0005733232
A10: 45460 | B10: YouTube | C10: 1472 | D10: 170 | E10: =Table2[[#This Row],[New_Followers]]-Table2[[#This Row],[Unfollows]] -> 1302 | F10: 250428 | G10: 4.66 | H10: 25040 | I10: =(Table2[[#This Row],[Total_Followers]]-F7)/F7 -> -0.3605348 | J10: {=IFERROR(INDEX(Table3[[#All],[Campaign_Name]],MATCH(1,(Table2[[#This Row],[Week_Start_Date]]>=Table3[[#All],[Start_Date]])*(Table2[[#This Row],[Week_Start_Date]]<=Table3[[#All],[End_Date]]),0)),"No Campign")} -> SummerBeats | K10: =Table2[[#This Row],[Engagement_Rate]]/Table2[[#This Row],[Ad_Spend]] -> 0.00018610224
A11: 45467 | B11: Instagram | C11: 809 | D11: 197 | E11: =Table2[[#This Row],[New_Followers]]-Table2[[#This Row],[Unfollows]] -> 612 | F11: 87186 | G11: 9.48 | H11: 22619 | I11: =(Table2[[#This Row],[Total_Followers]]-F8)/F8 -> -0.090723262 | J11: {=IFERROR(INDEX(Table3[[#All],[Campaign_Name]],MATCH(1,(Table2[[#This Row],[Week_Start_Date]]>=Table3[[#All],[Start_Date]])*(Table2[[#This Row],[Week_Start_Date]]<=Table3[[#All],[End_Date]]),0)),"No Campign")} -> SummerBeats | K11: =Table2[[#This Row],[Engagement_Rate]]/Table2[[#This Row],[Ad_Spend]] -> 0.00041911667
A12: 45467 | B12: Twitter | C12: 1371 | D12: 250 | E12: =Table2[[#This Row],[New_Followers]]-Table2[[#This Row],[Unfollows]] -> 1121 | F12: 128620 | G12: 7.11 | H12: 12399 | I12: =(Table2[[#This Row],[Total_Followers]]-F9)/F9 -> -0.4770418 | J12: {=IFERROR(INDEX(Table3[[#All],[Campaign_Name]],MATCH(1,(Table2[[#This Row],[Week_Start_Date]]>=Table3[[#All],[Start_Date]])*(Table2[[#This Row],[Week_Start_Date]]<=Table3[[#All],[End_Date]]),0)),"No Campign")} -> SummerBeats | K12: =Table2[[#This Row],[Engagement_Rate]]/Table2[[#This Row],[Ad_Spend]] -> 0.00057343334
A13: 45467 | B13: YouTube | C13: 844 | D13: 144 | E13: =Table2[[#This Row],[New_Followers]]-Table2[[#This Row],[Unfollows]] -> 700 | F13: 126015 | G13: 9.65 | H13: 22456 | I13: =(Table2[[#This Row],[Total_Followers]]-F10)/F10 -> -0.49680148 | J13: {=IFERROR(INDEX(Table3[[#All],[Campaign_Name]],MATCH(1,(Table2[[#This Row],[Week_Start_Date]]>=Table3[[#All],[Start_Date]])*(Table2[[#This Row],[Week_Start_Date]]<=Table3[[#All],[End_Date]]),0)),"No Campign")} -> SummerBeats | K13: =Table2[[#This Row],[Engagement_Rate]]/Table2[[#This Row],[Ad_Spend]] -> 0.00042972925
A14: 45474 | B14: Instagram | C14: 786 | D14: 72 | E14: =Table2[[#This Row],[New_Followers]]-Table2[[#This Row],[Unfollows]] -> 714 | F14: 178615 | G14: 5.43 | H14: 19328 | I14: =(Table2[[#This Row],[Total_Followers]]-F11)/F11 -> 1.0486661 | J14: {=IFERROR(INDEX(Table3[[#All],[Campaign_Name]],MATCH(1,(Table2[[#This Row],[Week_Start_Date]]>=Table3[[#All],[Start_Date]])*(Table2[[#This Row],[Week_Start_Date]]<=Table3[[#All],[End_Date]]),0)),"No Campign")} -> SummerBeats | K14: =Table2[[#This Row],[Engagement_Rate]]/Table2[[#This Row],[Ad_Spend]] -> 0.00028093957
A15: 45474 | B15: Twitter | C15: 845 | D15: 250 | E15: =Table2[[#This Row],[New_Followers]]-Table2[[#This Row],[Unfollows]] -> 595 | F15: 218228 | G15: 4.52 | H15: 21107 | I15: =(Table2[[#This Row],[Total_Followers]]-F12)/F12 -> 0.69668792 | J15: {=IFERROR(INDEX(Table3[[#All],[Campaign_Name]],MATCH(1,(Table2[[#This Row],[Week_Start_Date]]>=Table3[[#All],[Start_Date]])*(Table2[[#This Row],[Week_Start_Date]]<=Table3[[#All],[End_Date]]),0)),"No Campign")} -> SummerBeats | K15: =Table2[[#This Row],[Engagement_Rate]]/Table2[[#This Row],[Ad_Spend]] -> 0.00021414697
A16: 45474 | B16: YouTube | C16: 1218 | D16: 101 | E16: =Table2[[#This Row],[New_Followers]]-Table2[[#This Row],[Unfollows]] -> 1117 | F16: 300397 | G16: 4.33 | H16: 12277 | I16: =(Table2[[#This Row],[Total_Followers]]-F13)/F13 -> 1.3838194 | J16: {=IFERROR(INDEX(Table3[[#All],[Campaign_Name]],MATCH(1,(Table2[[#This Row],[Week_Start_Date]]>=Table3[[#All],[Start_Date]])*(Table2[[#This Row],[Week_Start_Date]]<=Table3[[#All],[End_Date]]),0)),"No Campign")} -> SummerBeats | K16: =Table2[[#This Row],[Engagement_Rate]]/Table2[[#This Row],[Ad_Spend]] -> 0.00035269203
... A201: 45908 | B201: Twitter | C201: 860 | D201: 244 | E201: =Table2[[#This Row],[New_Followers]]-Table2[[#This Row],[Unfollows]] -> 616 | F201: 348686 | G201: 5.12 | H201: 11418 | I201: =(Table2[[#This Row],[Total_Followers]]-F198)/F198 -> 3.2385705 | J201: {=IFERROR(INDEX(Table3[[#All],[Campaign_Name]],MATCH(1,(Table2[[#This Row],[Week_Start_Date]]>=Table3[[#All],[Start_Date]])*(Table2[[#This Row],[Week_Start_Date]]<=Table3[[#All],[End_Date]]),0)),"No Campign")} -> No Campign | K201: =Table2[[#This Row],[Engagement_Rate]]/Table2[[#This Row],[Ad_Spend]] -> 0.00044841478

Sheet Campaign Metadata
A1: Campaign_Name | B1: Start_Date | C1: End_Date | D1: Objective | E1: Total_Budget | F1: Target_Platforms | G1: Primary_Hashtags
A2: SummerBeats | B2: 45458 | C2: 45488 | D2: Brand Awareness | E2: 175000 | F2: Instagram,YouTube | G2: #SpotifyWrapped,#MusicForEveryone
A3: Wrapped2024 | B3: 45627 | C3: 45657 | D3: Engagement | E3: 225000 | F3: Twitter,YouTube | G3: #SpotifyWrapped,#NowPlaying
A4: ChillVibes | B4: 45667 | C4: 45698 | D4: Product Launch | E4: 200000 | F4: Instagram,Twitter | G4: #ChillVibes,#SoundtrackOfLife
A5: IndieWave | B5: 45717 | C5: 45747 | D5: Traffic | E5: 160000 | F5: Facebook,Instagram | G5: #DiscoverWeekly,#IndieWave

Sheet Analysis done

Sheet Task 1
A1: Post ID | B1: Platform | C1: Column1 | D1: Content Type | E1: Post Text | F1: Likess | G1: Sharess | H1: Commentss | I1: Impressions | J1: Reach | K1: Clicks | L1: Hashtags Used.1 | M1: Hashtags Used.2 | N1: Campaign_Name | O1: Engagement Rate:
A2: SP001 | B2: Instagram | C2: 45781 | D2: Text | E2: Discover fresh beats on Spotify! | F2: 2414 | G2: 245 | H2: 137 | I2: 21181 | J2: 45292 | K2: 133 | L2: #SoundtrackOfLife | M2: #NowPlaying | N2: ChillVibes | O2: =(F2+H2+G2)/I2 -> 0.1320051
A3: SP002 | B3: Instagram | C3: 45689 | D3: Text | E3: Explore the latest podcasts now. | F3: 1934 | G3: 210 | H3: 393 | I3: 29129 | J3: 73287 | K3: 273 | L3: #DiscoverWeekly | N3: IndieWave | O3: =(F3+H3+G3)/I3 -> 0.087095335
A4: SP003 | B4: Twitter | C4: 45629 | D4: Story | E4: New music just dropped. Hit play! | F4: 3092 | G4: 177 | H4: 81 | I4: 47533 | J4: 29220 | K4: 121 | L4: #MusicForEveryone | M4: #NowPlaying | N4: ChillVibes | O4: =(F4+H4+G4)/I4 -> 0.070477353
A5: SP004 | B5: Instagram | C5: 45629 | D5: Text | E5: Wrapped is here! Relive your top tracks ðŸŽ§ | F5: 3173 | G5: 229 | H5: 197 | I5: 29604 | J5: 21809 | K5: 272 | L5: #SoundtrackOfLife | M5: #NowPlaying | N5: ChillVibes | O5: =(F5+H5+G5)/I5 -> 0.12157141
A6: SP005 | B6: YouTube | C6: 45388 | D6: Text | E6: Music that moves youâ€”only on Spotify. | F6: 2748 | G6: 145 | H6: 315 | I6: 24401 | J6: 61182 | K6: 200 | L6: #DiscoverWeekly | M6: #SpotifyWrapped | N6: IndieWave | O6: =(F6+H6+G6)/I6 -> 0.13147002
A7: SP006 | B7: YouTube | C7: 45456 | D7: Text | E7: Whatâ€™s your vibe today? #SpotifyHits | F7: 3882 | G7: 239 | H7: 275 | I7: 58748 | J7: 44646 | K7: 149 | L7: #DiscoverWeekly | M7: #SpotifyWrapped | N7: IndieWave | O7: =(F7+H7+G7)/I7 -> 0.074828079
A8: SP007 | B8: Twitter | C8: 45645 | D8: Story | E8: Get into the groove with our new drop! | F8: 4674 | G8: 409 | H8: 327 | I8: 20756 | J8: 63599 | K8: 212 | L8: #SoundtrackOfLife | M8: #NowPlaying | N8: ChillVibes | O8: =(F8+H8+G8)/I8 -> 0.26064752
A9: SP008 | B9: Twitter | C9: 45421 | D9: Story | E9: Wrapped is here! Relive your top tracks ðŸŽ§ | F9: 1428 | G9: 347 | H9: 67 | I9: 21148 | J9: 19712 | K9: 120 | L9: #DiscoverWeekly | M9: #MusicForEveryone | N9: ChillVibes | O9: =(F9+H9+G9)/I9 -> 0.087100435
A10: SP009 | B10: Twitter | C10: 45823 | D10: Text | E10: Top trending tracks updated daily! | F10: 4432 | G10: 223 | H10: 299 | I10: 59016 | J10: 21742 | K10: 171 | L10: #NowPlaying | N10: ChillVibes | O10: =(F10+H10+G10)/I10 -> 0.083943337
A11: SP010 | B11: Twitter | C11: 45630 | D11: Text | E11: Wrapped is here! Relive your top tracks ðŸŽ§ | F11: 2357 | G11: 274 | H11: 172 | I11: 21566 | J11: 66829 | K11: 284 | L11: #NowPlaying | N11: ChillVibes | O11: =(F11+H11+G11)/I11 -> 0.12997311
A12: SP011 | B12: Twitter | C12: 45357 | D12: Text | E12: Discover fresh beats on Spotify! | F12: 1971 | G12: 370 | H12: 306 | I12: 31316 | J12: 27897 | K12: 88 | L12: #SoundtrackOfLife | N12: IndieWave | O12: =(F12+H12+G12)/I12 -> 0.084525482
A13: SP012 | B13: Instagram | C13: 45426 | D13: Text | E13: Discover fresh beats on Spotify! | F13: 1485 | G13: 353 | H13: 244 | I13: 38419 | J13: 38556 | K13: 86 | L13: #SoundtrackOfLife | M13: #NowPlaying | N13: ChillVibes | O13: =(F13+H13+G13)/I13 -> 0.054191936
A14: SP013 | B14: Twitter | C14: 45826 | D14: Story | E14: Discover fresh beats on Spotify! | F14: 3956 | G14: 319 | H14: 61 | I14: 58162 | J14: 28720 | K14: 213 | L14: #MusicForEveryone | M14: #NowPlaying | N14: ChillVibes | O14: =(F14+H14+G14)/I14 -> 0.074550394
A15: SP014 | B15: Twitter | C15: 45573 | D15: Text | E15: From pop to podcasts, itâ€™s all here. | F15: 2460 | G15: 409 | H15: 253 | I15: 36702 | J15: 46122 | K15: 264 | L15: #NowPlaying | N15: ChillVibes | O15: =(F15+H15+G15)/I15 -> 0.085063484
A16: SP015 | B16: Twitter | C16: 45418 | D16: Text | E16: Your weekend playlist is waiting. | F16: 3476 | G16: 355 | H16: 396 | I16: 37492 | J16: 27285 | K16: 179 | L16: #NowPlaying | N16: ChillVibes | O16: =(F16+H16+G16)/I16 -> 0.11274405
A17: SP016 | B17: Twitter | C17: 45655 | D17: Story | E17: New music just dropped. Hit play! | F17: 4049 | G17: 377 | H17: 94 | I17: 48182 | J17: 42875 | K17: 172 | L17: #MusicForEveryone | M17: #NowPlaying | N17: ChillVibes | O17: =(F17+H17+G17)/I17 -> 0.093810967
A18: SP017 | B18: Twitter | C18: 45453 | D18: Text | E18: Whatâ€™s your vibe today? #SpotifyHits | F18: 1514 | G18: 164 | H18: 275 | I18: 41364 | J18: 44389 | K18: 83 | L18: #NowPlaying | N18: ChillVibes | O18: =(F18+H18+G18)/I18 -> 0.04721497
A19: SP018 | B19: Instagram | C19: 45325 | D19: Story | E19: Music that moves youâ€”only on Spotify. | F19: 4281 | G19: 101 | H19: 163 | I19: 32278 | J19: 53382 | K19: 235 | L19: #NowPlaying | N19: Wrapped2024 | O19: =(F19+H19+G19)/I19 -> 0.14080798 | AQ19: =SUMIF(B:B,"Instagram",O:O) -> 8.0807399
A20: SP019 | B20: YouTube | C20: 45458 | D20: Reel | E20: Get into the groove with our new drop! | F20: 1751 | G20: 143 | H20: 151 | I20: 31826 | J20: 47729 | K20: 95 | L20: #DiscoverWeekly | M20: #SoundtrackOfLife | N20: SummerBeats | O20: =(F20+H20+G20)/I20 -> 0.06425564 | AQ20: =SUMIF(B:B,"Twitter",O:O) -> 14.213122
A21: SP020 | B21: Instagram | C21: 45478 | D21: Text | E21: Your weekend playlist is waiting. | F21: 3753 | G21: 411 | H21: 308 | I21: 29138 | J21: 27678 | K21: 90 | L21: #DiscoverWeekly | N21: IndieWave | O21: =(F21+H21+G21)/I21 -> 0.15347656 | AQ21: =SUMIF(B:B,"YouTube",O:O) -> 5.5508115
A22: SP021 | B22: Instagram | C22: 45603 | D22: Story | E22: Wrapped is here! Relive your top tracks ðŸŽ§ | F22: 1678 | G22: 423 | H22: 323 | I22: 55668 | J22: 37945 | K22: 230 | L22: #NowPlaying | N22: Wrapped2024 | O22: =(F22+H22+G22)/I22 -> 0.043543867
A23: SP022 | B23: Instagram | C23: 45823 | D23: Text | E23: Whatâ€™s your vibe today? #SpotifyHits | F23: 4896 | G23: 466 | H23: 233 | I23: 28621 | J23: 34270 | K23: 84 | L23: #SoundtrackOfLife | M23: #NowPlaying | N23: ChillVibes | O23: =(F23+H23+G23)/I23 -> 0.19548583
A24: SP023 | B24: YouTube | C24: 45452 | D24: Reel | E24: From pop to podcasts, itâ€™s all here. | F24: 2786 | G24: 368 | H24: 208 | I24: 42000 | J24: 39967 | K24: 103 | L24: #DiscoverWeekly | M24: #SoundtrackOfLife | N24: SummerBeats | O24: =(F24+H24+G24)/I24 -> 0.080047619
A25: SP024 | B25: Twitter | C25: 45583 | D25: Text | E25: New music just dropped. Hit play! | F25: 2607 | G25: 379 | H25: 180 | I25: 28712 | J25: 61620 | K25: 174 | L25: #SoundtrackOfLife | N25: IndieWave | O25: =(F25+H25+G25)/I25 -> 0.11026748
A26: SP025 | B26: YouTube | C26: 45575 | D26: Reel | E26: From pop to podcasts, itâ€™s all here. | F26: 4013 | G26: 320 | H26: 92 | I26: 54605 | J26: 60169 | K26: 232 | L26: #DiscoverWeekly | M26: #SoundtrackOfLife | N26: SummerBeats | O26: =(F26+H26+G26)/I26 -> 0.081036535
A27: SP026 | B27: Twitter | C27: 45791 | D27: Story | E27: From pop to podcasts, itâ€™s all here. | F27: 2707 | G27: 103 | H27: 51 | I27: 55302 | J27: 18801 | K27: 147 | L27: #DiscoverWeekly | M27: #MusicForEveryone | N27: ChillVibes | O27: =(F27+H27+G27)/I27 -> 0.051734114
A28: SP027 | B28: Instagram | C28: 45625 | D28: Text | E28: Whatâ€™s your vibe today? #SpotifyHits | F28: 2824 | G28: 425 | H28: 274 | I28: 31004 | J28: 53488 | K28: 268 | L28: #SoundtrackOfLife | M28: #NowPlaying | N28: ChillVibes | O28: =(F28+H28+G28)/I28 -> 0.1136305
A29: SP028 | B29: YouTube | C29: 45356 | D29: Reel | E29: Explore the latest podcasts now. | F29: 3558 | G29: 314 | H29: 199 | I29: 49612 | J29: 53929 | K29: 206 | L29: #DiscoverWeekly | M29: #SoundtrackOfLife | N29: SummerBeats | O29: =(F29+H29+G29)/I29 -> 0.08205676
A30: SP029 | B30: Twitter | C30: 45734 | D30: Story | E30: Explore the latest podcasts now. | F30: 3418 | G30: 188 | H30: 387 | I30: 57431 | J30: 36933 | K30: 202 | L30: #MusicForEveryone | M30: #NowPlaying | N30: ChillVibes | O30: =(F30+H30+G30)/I30 -> 0.069526911
A31: SP030 | B31: Twitter | C31: 45773 | D31: Text | E31: Discover fresh beats on Spotify! | F31: 2411 | G31: 194 | H31: 168 | I31: 26665 | J31: 71699 | K31: 197 | L31: #NowPlaying | N31: ChillVibes | O31: =(F31+H31+G31)/I31 -> 0.103994
A32: SP031 | B32: Instagram | C32: 45658 | D32: Text | E32: New music just dropped. Hit play! | F32: 4036 | G32: 112 | H32: 382 | I32: 56284 | J32: 29440 | K32: 279 | L32: #SoundtrackOfLife | M32: #NowPlaying | N32: ChillVibes | O32: =(F32+H32+G32)/I32 -> 0.080484685
A33: SP032 | B33: Twitter | C33: 45419 | D33: Story | E33: Explore the latest podcasts now. | F33: 2776 | G33: 307 | H33: 178 | I33: 43365 | J33: 48408 | K33: 138 | L33: #SoundtrackOfLife | M33: #NowPlaying | N33: ChillVibes | O33: =(F33+H33+G33)/I33 -> 0.075198893
A34: SP033 | B34: Twitter | C34: 45574 | D34: Story | E34: Discover fresh beats on Spotify! | F34: 4929 | G34: 182 | H34: 95 | I34: 32181 | J34: 31084 | K34: 289 | L34: #DiscoverWeekly | M34: #MusicForEveryone | N34: ChillVibes | O34: =(F34+H34+G34)/I34 -> 0.16177247
A35: SP034 | B35: Instagram | C35: 45666 | D35: Text | E35: New music just dropped. Hit play! | F35: 1015 | G35: 366 | H35: 308 | I35: 38127 | J35: 63790 | K35: 287 | L35: #SoundtrackOfLife | M35: #NowPlaying | N35: ChillVibes | O35: =(F35+H35+G35)/I35 -> 0.044299315
A36: SP035 | B36: Twitter | C36: 45785 | D36: Story | E36: Your weekend playlist is waiting. | F36: 3316 | G36: 332 | H36: 268 | I36: 40095 | J36: 36913 | K36: 265 | L36: #MusicForEveryone | M36: #NowPlaying | N36: ChillVibes | O36: =(F36+H36+G36)/I36 -> 0.097668038
A37: SP036 | B37: Instagram | C37: 45416 | D37: Text | E37: Wrapped is here! Relive your top tracks ðŸŽ§ | F37: 2274 | G37: 243 | H37: 222 | I37: 43066 | J37: 59174 | K37: 80 | L37: #DiscoverWeekly | N37: IndieWave | O37: =(F37+H37+G37)/I37 -> 0.063600056
A38: SP037 | B38: Twitter | C38: 45804 | D38: Story | E38: Explore the latest podcasts now. | F38: 4095 | G38: 385 | H38: 400 | I38: 45300 | J38: 31795 | K38: 80 | L38: #MusicForEveryone | M38: #NowPlaying | N38: ChillVibes | O38: =(F38+H38+G38)/I38 -> 0.10772627
A39: SP038 | B39: Instagram | C39: 45545 | D39: Story | E39: New music just dropped. Hit play! | F39: 1230 | G39: 309 | H39: 207 | I39: 44629 | J39: 40699 | K39: 195 | L39: #NowPlaying | N39: Wrapped2024 | O39: =(F39+H39+G39)/I39 -> 0.039122544
A40: SP039 | B40: Instagram | C40: 45621 | D40: Text | E40: From pop to podcasts, itâ€™s all here. | F40: 1341 | G40: 472 | H40: 238 | I40: 51386 | J40: 51706 | K40: 133 | L40: #DiscoverWeekly | N40: IndieWave | O40: =(F40+H40+G40)/I40 -> 0.039913595
A41: SP040 | B41: Twitter | C41: 45818 | D41: Text | E41: Explore the latest podcasts now. | F41: 3615 | G41: 192 | H41: 162 | I41: 27492 | J41: 35341 | K41: 125 | L41: #NowPlaying | N41: ChillVibes | O41: =(F41+H41+G41)/I41 -> 0.14436927
A42: SP041 | B42: Instagram | C42: 45401 | D42: Text | E42: New music just dropped. Hit play! | F42: 4001 | G42: 353 | H42: 129 | I42: 41265 | J42: 37279 | K42: 275 | L42: #SoundtrackOfLife | M42: #NowPlaying | N42: ChillVibes | O42: =(F42+H42+G42)/I42 -> 0.10863928
A43: SP042 | B43: Instagram | C43: 45683 | D43: Story | E43: Whatâ€™s your vibe today? #SpotifyHits | F43: 3451 | G43: 363 | H43: 393 | I43: 44853 | J43: 69032 | K43: 211 | L43: #NowPlaying | N43: Wrapped2024 | O43: =(F43+H43+G43)/I43 -> 0.093795287
A44: SP043 | B44: Instagram | C44: 45702 | D44: Text | E44: Top trending tracks updated daily! | F44: 4891 | G44: 450 | H44: 387 | I44: 48746 | J44: 37312 | K44: 154 | L44: #SoundtrackOfLife | M44: #NowPlaying | N44: ChillVibes | O44: =(F44+H44+G44)/I44 -> 0.11750708
A45: SP044 | B45: Instagram | C45: 45541 | D45: Text | E45: New music just dropped. Hit play! | F45: 1452 | G45: 281 | H45: 326 | I45: 51556 | J45: 62599 | K45: 290 | L45: #DiscoverWeekly | N45: IndieWave | O45: =(F45+H45+G45)/I45 -> 0.039937156
A46: SP045 | B46: YouTube | C46: 45487 | D46: Text | E46: Your weekend playlist is waiting. | F46: 3806 | G46: 114 | H46: 278 | I46: 36148 | J46: 24209 | K46: 201 | L46: #DiscoverWeekly | M46: #SpotifyWrapped | N46: IndieWave | O46: =(F46+H46+G46)/I46 -> 0.11613367
A47: SP046 | B47: Instagram | C47: 45334 | D47: Text | E47: Explore the latest podcasts now. | F47: 2923 | G47: 330 | H47: 250 | I47: 23993 | J47: 74590 | K47: 92 | L47: #DiscoverWeekly | N47: IndieWave | O47: =(F47+H47+G47)/I47 -> 0.14600092
A48: SP047 | B48: YouTube | C48: 45365 | D48: Reel | E48: From pop to podcasts, itâ€™s all here. | F48: 3361 | G48: 188 | H48: 358 | I48: 39838 | J48: 24536 | K48: 120 | L48: #DiscoverWeekly | M48: #SoundtrackOfLife | N48: SummerBeats | O48: =(F48+H48+G48)/I48 -> 0.098072192
A49: SP048 | B49: Instagram | C49: 45693 | D49: Story | E49: Music that moves youâ€”only on Spotify. | F49: 3074 | G49: 371 | H49: 348 | I49: 24104 | J49: 57803 | K49: 213 | L49: #NowPlaying | N49: Wrapped2024 | O49: =(F49+H49+G49)/I49 -> 0.15735977
A50: SP049 | B50: Twitter | C50: 45533 | D50: Story | E50: Get into the groove with our new drop! | F50: 4276 | G50: 227 | H50: 223 | I50: 43443 | J50: 41005 | K50: 191 | L50: #DiscoverWeekly | M50: #MusicForEveryone | N50: ChillVibes | O50: =(F50+H50+G50)/I50 -> 0.10878623
A51: SP050 | B51: Twitter | C51: 45769 | D51: Text | E51: Discover fresh beats on Spotify! | F51: 4401 | G51: 421 | H51: 216 | I51: 24890 | J51: 54361 | K51: 148 | L51: #NowPlaying | N51: ChillVibes | O51: =(F51+H51+G51)/I51 -> 0.20241061
A52: SP051 | B52: YouTube | C52: 45425 | D52: Reel | E52: Explore the latest podcasts now. | F52: 4161 | G52: 481 | H52: 61 | I52: 45884 | J52: 48955 | K52: 215 | L52: #DiscoverWeekly | M52: #SoundtrackOfLife | N52: SummerBeats | O52: =(F52+H52+G52)/I52 -> 0.1024976
A53: SP052 | B53: Twitter | C53: 45539 | D53: Story | E53: New music just dropped. Hit play! | F53: 2613 | G53: 455 | H53: 228 | I53: 21645 | J53: 61334 | K53: 261 | L53: #DiscoverWeekly | M53: #MusicForEveryone | N53: ChillVibes | O53: =(F53+H53+G53)/I53 -> 0.15227535
A54: SP053 | B54: Twitter | C54: 45516 | D54: Story | E54: Whatâ€™s your vibe today? #SpotifyHits | F54: 2842 | G54: 213 | H54: 331 | I54: 57660 | J54: 68606 | K54: 87 | L54: #MusicForEveryone | M54: #NowPlaying | N54: ChillVibes | O54: =(F54+H54+G54)/I54 -> 0.058723552
A55: SP054 | B55: Instagram | C55: 45722 | D55: Text | E55: Get into the groove with our new drop! | F55: 4851 | G55: 460 | H55: 212 | I55: 58075 | J55: 59574 | K55: 239 | L55: #DiscoverWeekly | N55: IndieWave | O55: =(F55+H55+G55)/I55 -> 0.095101162
A56: SP055 | B56: Twitter | C56: 45420 | D56: Text | E56: Explore the latest podcasts now. | F56: 1828 | G56: 450 | H56: 214 | I56: 52115 | J56: 19166 | K56: 190 | L56: #NowPlaying | N56: ChillVibes | O56: =(F56+H56+G56)/I56 -> 0.047817327
A57: SP056 | B57: Instagram | C57: 45707 | D57: Story | E57: From pop to podcasts, itâ€™s all here. | F57: 2422 | G57: 455 | H57: 376 | I57: 23428 | J57: 46775 | K57: 259 | L57: #NowPlaying | N57: Wrapped2024 | O57: =(F57+H57+G57)/I57 -> 0.13885095
A58: SP057 | B58: Instagram | C58: 45299 | D58: Text | E58: Top trending tracks updated daily! | F58: 2683 | G58: 405 | H58: 223 | I58: 31233 | J58: 58106 | K58: 291 | L58: #DiscoverWeekly | N58: IndieWave | O58: =(F58+H58+G58)/I58 -> 0.10600967
A59: SP058 | B59: YouTube | C59: 45490 | D59: Text | E59: Top trending tracks updated daily! | F59: 3135 | G59: 110 | H59: 215 | I59: 39192 | J59: 24744 | K59: 177 | L59: #DiscoverWeekly | M59: #SpotifyWrapped | N59: IndieWave | O59: =(F59+H59+G59)/I59 -> 0.088283323
A60: SP059 | B60: YouTube | C60: 45514 | D60: Text | E60: From pop to podcasts, itâ€™s all here. | F60: 1105 | G60: 181 | H60: 55 | I60: 53581 | J60: 74048 | K60: 220 | L60: #DiscoverWeekly | M60: #SpotifyWrapped | N60: IndieWave | O60: =(F60+H60+G60)/I60 -> 0.025027528
A61: SP060 | B61: YouTube | C61: 45398 | D61: Text | E61: Discover fresh beats on Spotify! | F61: 4674 | G61: 326 | H61: 62 | I61: 45503 | J61: 46814 | K61: 116 | L61: #DiscoverWeekly | M61: #SpotifyWrapped | N61: IndieWave | O61: =(F61+H61+G61)/I61 -> 0.11124541
A62: SP061 | B62: YouTube | C62: 45292 | D62: Reel | E62: Explore the latest podcasts now. | F62: 3437 | G62: 129 | H62: 359 | I62: 44558 | J62: 30854 | K62: 171 | L62: #DiscoverWeekly | M62: #SoundtrackOfLife | N62: SummerBeats | O62: =(F62+H62+G62)/I62 -> 0.088087437
A63: SP062 | B63: Twitter | C63: 45599 | D63: Story | E63: Wrapped is here! Relive your top tracks ðŸŽ§ | F63: 1959 | G63: 316 | H63: 82 | I63: 54036 | J63: 69015 | K63: 182 | L63: #MusicForEveryone | M63: #NowPlaying | N63: ChillVibes | O63: =(F63+H63+G63)/I63 -> 0.043619069
A64: SP063 | B64: Twitter | C64: 45480 | D64: Text | E64: New music just dropped. Hit play! | F64: 1035 | G64: 137 | H64: 184 | I64: 37302 | J64: 68953 | K64: 237 | L64: #SoundtrackOfLife | N64: IndieWave | O64: =(F64+H64+G64)/I64 -> 0.036351938
A65: SP064 | B65: Twitter | C65: 45679 | D65: Story | E65: New music just dropped. Hit play! | F65: 4478 | G65: 101 | H65: 121 | I65: 51035 | J65: 58207 | K65: 205 | L65: #MusicForEveryone | M65: #NowPlaying | N65: ChillVibes | O65: =(F65+H65+G65)/I65 -> 0.092093661
A66: SP065 | B66: YouTube | C66: 45438 | D66: Text | E66: From pop to podcasts, itâ€™s all here. | F66: 1488 | G66: 327 | H66: 110 | I66: 53805 | J66: 30239 | K66: 109 | L66: #DiscoverWeekly | M66: #SpotifyWrapped | N66: IndieWave | O66: =(F66+H66+G66)/I66 -> 0.035777344
A67: SP066 | B67: Instagram | C67: 45763 | D67: Text | E67: Wrapped is here! Relive your top tracks ðŸŽ§ | F67: 4836 | G67: 331 | H67: 140 | I67: 58792 | J67: 47711 | K67: 227 | L67: #SoundtrackOfLife | M67: #NowPlaying | N67: ChillVibes | O67: =(F67+H67+G67)/I67 -> 0.090267383
A68: SP067 | B68: YouTube | C68: 45384 | D68: Reel | E68: Your weekend playlist is waiting. | F68: 4563 | G68: 488 | H68: 356 | I68: 30619 | J68: 23328 | K68: 267 | L68: #DiscoverWeekly | M68: #SoundtrackOfLife | N68: SummerBeats | O68: =(F68+H68+G68)/I68 -> 0.1765897
A69: SP068 | B69: Twitter | C69: 45379 | D69: Text | E69: Music that moves youâ€”only on Spotify. | F69: 3276 | G69: 421 | H69: 114 | I69: 20580 | J69: 30324 | K69: 221 | L69: #SoundtrackOfLife | N69: IndieWave | O69: =(F69+H69+G69)/I69 -> 0.18517979
A70: SP069 | B70: Twitter | C70: 45643 | D70: Story | E70: Music that moves youâ€”only on Spotify. | F70: 1316 | G70: 472 | H70: 286 | I70: 44692 | J70: 53343 | K70: 227 | L70: #DiscoverWeekly | M70: #MusicForEveryone | N70: ChillVibes | O70: =(F70+H70+G70)/I70 -> 0.046406516
A71: SP070 | B71: Twitter | C71: 45662 | D71: Text | E71: Wrapped is here! Relive your top tracks ðŸŽ§ | F71: 4811 | G71: 473 | H71: 254 | I71: 51964 | J71: 68795 | K71: 107 | L71: #NowPlaying | N71: ChillVibes | O71: =(F71+H71+G71)/I71 -> 0.10657378
A72: SP071 | B72: Twitter | C72: 45302 | D72: Text | E72: Whatâ€™s your vibe today? #SpotifyHits | F72: 4218 | G72: 247 | H72: 183 | I72: 28914 | J72: 18310 | K72: 135 | L72: #SoundtrackOfLife | N72: IndieWave | O72: =(F72+H72+G72)/I72 -> 0.16075258
A73: SP072 | B73: Instagram | C73: 45576 | D73: Text | E73: From pop to podcasts, itâ€™s all here. | F73: 1360 | G73: 249 | H73: 52 | I73: 20368 | J73: 42152 | K73: 193 | L73: #DiscoverWeekly | N73: IndieWave | O73: =(F73+H73+G73)/I73 -> 0.081549489
A74: SP073 | B74: YouTube | C74: 45783 | D74: Reel | E74: Discover fresh beats on Spotify! | F74: 1085 | G74: 496 | H74: 320 | I74: 36528 | J74: 38599 | K74: 270 | L74: #DiscoverWeekly | M74: #SoundtrackOfLife | N74: SummerBeats | O74: =(F74+H74+G74)/I74 -> 0.052042269
A75: SP074 | B75: Twitter | C75: 45431 | D75: Story | E75: Get into the groove with our new drop! | F75: 1763 | G75: 206 | H75: 187 | I75: 53342 | J75: 25095 | K75: 88 | L75: #DiscoverWeekly | M75: #MusicForEveryone | N75: ChillVibes | O75: =(F75+H75+G75)/I75 -> 0.040418432
A76: SP075 | B76: Twitter | C76: 45313 | D76: Story | E76: From pop to podcasts, itâ€™s all here. | F76: 1554 | G76: 455 | H76: 158 | I76: 41947 | J76: 48578 | K76: 101 | L76: #SoundtrackOfLife | M76: #NowPlaying | N76: ChillVibes | O76: =(F76+H76+G76)/I76 -> 0.051660429
A77: SP076 | B77: Instagram | C77: 45487 | D77: Text | E77: Wrapped is here! Relive your top tracks ðŸŽ§ | F77: 2464 | G77: 401 | H77: 78 | I77: 38665 | J77: 73593 | K77: 207 | L77: #DiscoverWeekly | N77: IndieWave | O77: =(F77+H77+G77)/I77 -> 0.07611535
A78: SP077 | B78: Twitter | C78: 45805 | D78: Text | E78: From pop to podcasts, itâ€™s all here. | F78: 2418 | G78: 161 | H78: 360 | I78: 30589 | J78: 41383 | K78: 88 | L78: #NowPlaying | N78: ChillVibes | O78: =(F78+H78+G78)/I78 -> 0.09608029
A79: SP078 | B79: Twitter | C79: 45678 | D79: Story | E79: Discover fresh beats on Spotify! | F79: 2494 | G79: 494 | H79: 55 | I79: 22580 | J79: 22214 | K79: 109 | L79: #MusicForEveryone | M79: #NowPlaying | N79: ChillVibes | O79: =(F79+H79+G79)/I79 -> 0.13476528
A80: SP079 | B80: YouTube | C80: 45304 | D80: Reel | E80: New music just dropped. Hit play! | F80: 4781 | G80: 191 | H80: 122 | I80: 35535 | J80: 50777 | K80: 128 | L80: #DiscoverWeekly | M80: #SoundtrackOfLife | N80: SummerBeats | O80: =(F80+H80+G80)/I80 -> 0.14335163
A81: SP080 | B81: Instagram | C81: 45825 | D81: Text | E81: Music that moves youâ€”only on Spotify. | F81: 2284 | G81: 187 | H81: 260 | I81: 37400 | J81: 65014 | K81: 157 | L81: #SoundtrackOfLife | M81: #NowPlaying | N81: ChillVibes | O81: =(F81+H81+G81)/I81 -> 0.07302139
A82: SP081 | B82: Twitter | C82: 45723 | D82: Text | E82: Get into the groove with our new drop! | F82: 4234 | G82: 486 | H82: 276 | I82: 56623 | J82: 41343 | K82: 184 | L82: #SoundtrackOfLife | N82: IndieWave | O82: =(F82+H82+G82)/I82 -> 0.088232697
A83: SP082 | B83: Instagram | C83: 45530 | D83: Text | E83: Your weekend playlist is waiting. | F83: 2102 | G83: 181 | H83: 306 | I83: 43650 | J83: 50079 | K83: 182 | L83: #DiscoverWeekly | N83: IndieWave | O83: =(F83+H83+G83)/I83 -> 0.059312715
A84: SP083 | B84: Twitter | C84: 45660 | D84: Story | E84: Get into the groove with our new drop! | F84: 4845 | G84: 158 | H84: 84 | I84: 34578 | J84: 51480 | K84: 180 | L84: #SoundtrackOfLife | M84: #NowPlaying | N84: ChillVibes | O84: =(F84+H84+G84)/I84 -> 0.14711666
A85: SP084 | B85: Twitter | C85: 45507 | D85: Text | E85: Your weekend playlist is waiting. | F85: 4247 | G85: 390 | H85: 213 | I85: 29785 | J85: 57768 | K85: 122 | L85: #NowPlaying | N85: ChillVibes | O85: =(F85+H85+G85)/I85 -> 0.16283364
A86: SP085 | B86: Instagram | C86: 45522 | D86: Text | E86: Explore the latest podcasts now. | F86: 2965 | G86: 328 | H86: 171 | I86: 57685 | J86: 67536 | K86: 264 | L86: #SoundtrackOfLife | M86: #NowPlaying | N86: ChillVibes | O86: =(F86+H86+G86)/I86 -> 0.060050273
A87: SP086 | B87: Twitter | C87: 45791 | D87: Story | E87: Wrapped is here! Relive your top tracks ðŸŽ§ | F87: 1371 | G87: 139 | H87: 96 | I87: 36140 | J87: 39395 | K87: 169 | L87: #SoundtrackOfLife | M87: #NowPlaying | N87: ChillVibes | O87: =(F87+H87+G87)/I87 -> 0.044438296
A88: SP087 | B88: Twitter | C88: 45405 | D88: Story | E88: Discover fresh beats on Spotify! | F88: 2683 | G88: 496 | H88: 89 | I88: 53435 | J88: 30334 | K88: 160 | L88: #SoundtrackOfLife | M88: #NowPlaying | N88: ChillVibes | O88: =(F88+H88+G88)/I88 -> 0.061158417
A89: SP088 | B89: Twitter | C89: 45705 | D89: Story | E89: Whatâ€™s your vibe today? #SpotifyHits | F89: 4796 | G89: 427 | H89: 339 | I89: 30752 | J89: 33870 | K89: 298 | L89: #SoundtrackOfLife | M89: #NowPlaying | N89: ChillVibes | O89: =(F89+H89+G89)/I89 -> 0.18086629
A90: SP089 | B90: Instagram | C90: 45630 | D90: Text | E90: Wrapped is here! Relive your top tracks ðŸŽ§ | F90: 2601 | G90: 336 | H90: 260 | I90: 32368 | J90: 49028 | K90: 120 | L90: #SoundtrackOfLife | M90: #NowPlaying | N90: ChillVibes | O90: =(F90+H90+G90)/I90 -> 0.098770391
A91: SP090 | B91: Twitter | C91: 45495 | D91: Story | E91: Wrapped is here! Relive your top tracks ðŸŽ§ | F91: 3336 | G91: 229 | H91: 337 | I91: 22117 | J91: 26205 | K91: 160 | L91: #MusicForEveryone | M91: #NowPlaying | N91: ChillVibes | O91: =(F91+H91+G91)/I91 -> 0.17642537
A92: SP091 | B92: Twitter | C92: 45774 | D92: Text | E92: Explore the latest podcasts now. | F92: 1165 | G92: 294 | H92: 163 | I92: 20659 | J92: 45926 | K92: 111 | L92: #SoundtrackOfLife | N92: IndieWave | O92: =(F92+H92+G92)/I92 -> 0.078512997
A93: SP092 | B93: YouTube | C93: 45376 | D93: Reel | E93: Explore the latest podcasts now. | F93: 1948 | G93: 155 | H93: 315 | I93: 30321 | J93: 57121 | K93: 82 | L93: #DiscoverWeekly | M93: #SoundtrackOfLife | N93: SummerBeats | O93: =(F93+H93+G93)/I93 -> 0.07974671
A94: SP093 | B94: Instagram | C94: 45351 | D94: Text | E94: From pop to podcasts, itâ€™s all here. | F94: 1100 | G94: 229 | H94: 312 | I94: 25641 | J94: 34601 | K94: 169 | L94: #DiscoverWeekly | N94: IndieWave | O94: =(F94+H94+G94)/I94 -> 0.063999064
A95: SP094 | B95: Twitter | C95: 45609 | D95: Story | E95: Top trending tracks updated daily! | F95: 4628 | G95: 257 | H95: 397 | I95: 36686 | J95: 54683 | K95: 98 | L95: #SoundtrackOfLife | M95: #NowPlaying | N95: ChillVibes | O95: =(F95+H95+G95)/I95 -> 0.14397863
A96: SP095 | B96: Instagram | C96: 45373 | D96: Story | E96: Discover fresh beats on Spotify! | F96: 2319 | G96: 484 | H96: 193 | I96: 21202 | J96: 18091 | K96: 241 | L96: #NowPlaying | N96: Wrapped2024 | O96: =(F96+H96+G96)/I96 -> 0.14130742
A97: SP096 | B97: Twitter | C97: 45367 | D97: Story | E97: Wrapped is here! Relive your top tracks ðŸŽ§ | F97: 2895 | G97: 292 | H97: 90 | I97: 24223 | J97: 54626 | K97: 114 | L97: #SoundtrackOfLife | M97: #NowPlaying | N97: ChillVibes | O97: =(F97+H97+G97)/I97 -> 0.13528465
A98: SP097 | B98: Instagram | C98: 45317 | D98: Text | E98: Whatâ€™s your vibe today? #SpotifyHits | F98: 3878 | G98: 431 | H98: 97 | I98: 41763 | J98: 29729 | K98: 191 | L98: #DiscoverWeekly | N98: IndieWave | O98: =(F98+H98+G98)/I98 -> 0.10550008
A99: SP098 | B99: Twitter | C99: 45366 | D99: Story | E99: Get into the groove with our new drop! | F99: 4969 | G99: 433 | H99: 237 | I99: 59552 | J99: 23885 | K99: 157 | L99: #DiscoverWeekly | M99: #MusicForEveryone | N99: ChillVibes | O99: =(F99+H99+G99)/I99 -> 0.094690355
A100: SP099 | B100: Twitter | C100: 45580 | D100: Text | E100: Wrapped is here! Relive your top tracks ðŸŽ§ | F100: 1984 | G100: 481 | H100: 356 | I100: 40681 | J100: 63111 | K100: 258 | L100: #NowPlaying | N100: ChillVibes | O100: =(F100+H100+G100)/I100 -> 0.069344411
...

Sheet TASK2
E6: Task 2: Engagement Analysis | L6: Identify Top 10 posts by engagement rate
N7: Row Labels | O7: Sum of Engagement Rate:
N8: SP007 | O8: 0.26064752
G9: Engagement Rate per platform | N9: SP022 | O9: 0.19548583
E10: Row Labels | F10: Sum of Likes | G10: Sum of Shares | H10: Sum of Comments | I10: Sum of Impressions | J10: Sum of ENGAGEMENT RATE | N10: SP050 | O10: 0.20241061
E11: Instagram | F11: 251473 | G11: 29285 | H11: 20818 | I11: 3553489 | J11: 0.29020775 | N11: SP068 | O11: 0.18517979
E12: Twitter | F12: 450295 | G12: 45498 | H12: 31577 | I12: 6138949 | J12: 0.51044312 | N12: SP106 | O12: 0.23193025
E13: YouTube | F13: 195407 | G13: 18618 | H13: 14671 | I13: 2777994 | J13: 0.19934913 | N13: SP136 | O13: 0.18723442
E14: Grand Total | F14: 897175 | G14: 93401 | H14: 67066 | I14: 12470432 | J14: 1 | N14: SP157 | O14: 0.19390492
N15: SP186 | O15: 0.22967525
N16: SP248 | O16: 0.19261223
N17: SP279 | O17: 0.2044586
N18: Grand Total | O18: 2.0835394
E19: Total Likes, Shares, Comments by Content type and Platform
F20: Row Labels | G20: Sum of Likess | H20: Sum of Sharess | I20: Sum of Commentss
F21: Instagram | G21: 251473 | H21: 29285 | I21: 20818
F22: Story | G22: 61815 | H22: 7993 | I22: 5656
F23: Text | G23: 189658 | H23: 21292 | I23: 15162
F24: Twitter | G24: 450295 | H24: 45498 | I24: 31577
F25: Story | G25: 272103 | H25: 26494 | I25: 18442
F26: Text | G26: 178192 | H26: 19004 | I26: 13135
F27: YouTube | G27: 195407 | H27: 18618 | I27: 14671
F28: Reel | G28: 89871 | H28: 9086 | I28: 6826
F29: Text | G29: 105536 | H29: 9532 | I29: 7845
F30: Grand Total | G30: 897175 | H30: 93401 | I30: 67066
G35: Average Clicks per post by Hashtag
G36: #Hastags | H36: Avg Clicks
G37: #NowPlaying | H37: {=AVERAGE( _xlfn._xlws.FILTER( Table1__3[Clicks], ( (Table1__3[Hashtags Used.1] = G37) + (Table1__3[Hashtags Used.2]= G37) ) > 0 ) )} -> 186.72028
G38: #DiscoverWeekly | H38: {=AVERAGE( _xlfn._xlws.FILTER( Table1__3[Clicks], ( (Table1__3[Hashtags Used.1] = G38) + (Table1__3[Hashtags Used.2]= G38) ) > 0 ) )} -> 197.16923
G39: #SoundtrackOfLife | H39: {=AVERAGE( _xlfn._xlws.FILTER( Table1__3[Clicks], ( (Table1__3[Hashtags Used.1] = G39) + (Table1__3[Hashtags Used.2]= G39) ) > 0 ) )} -> 192.45872
G40: #MusicForEveryone | H40: {=AVERAGE( _xlfn._xlws.FILTER( Table1__3[Clicks], ( (Table1__3[Hashtags Used.1] = G40) + (Table1__3[Hashtags Used.2]= G40) ) > 0 ) )} -> 183.47761
G41: #SpotifyWrapped | H41: {=AVERAGE( _xlfn._xlws.FILTER( Table1__3[Clicks], ( (Table1__3[Hashtags Used.1] = G41) + (Table1__3[Hashtags Used.2]= G41) ) > 0 ) )} -> 208.47059
M47: Highlight Top-performing hashtags using ranking formulas
M48: Rank | N48: Hastags | O48: Avg Reach
M49: =_xlfn.RANK.EQ(O49, $O$49:$O$53, 0) -> 3 | N49: #NowPlaying | O49: {=AVERAGE( _xlfn._xlws.FILTER( Table1__3[Reach], ( (Table1__3[Hashtags Used.1] = TASK2!N49) + (Table1__3[Hashtags Used.2]= TASK2!N49) ) > 0 ) )} -> 44969.448
M50: =_xlfn.RANK.EQ(O50, $O$49:$O$53, 0) -> 2 | N50: #DiscoverWeekly | O50: {=AVERAGE( _xlfn._xlws.FILTER( Table1__3[Reach], ( (Table1__3[Hashtags Used.1] = TASK2!N50) + (Table1__3[Hashtags Used.2]= TASK2!N50) ) > 0 ) )} -> 45124.3
M51: =_xlfn.RANK.EQ(O51, $O$49:$O$53, 0) -> 1 | N51: #SoundtrackOfLife | O51: {=AVERAGE( _xlfn._xlws.FILTER( Table1__3[Reach], ( (Table1__3[Hashtags Used.1] = TASK2!N51) + (Table1__3[Hashtags Used.2]= TASK2!N51) ) > 0 ) )} -> 45273.349
M52: =_xlfn.RANK.EQ(O52, $O$49:$O$53, 0) -> 5 | N52: #MusicForEveryone | O52: {=AVERAGE( _xlfn._xlws.FILTER( Table1__3[Reach], ( (Table1__3[Hashtags Used.1] = TASK2!N52) + (Table1__3[Hashtags Used.2]= TASK2!N52) ) > 0 ) )} -> 42321.403
M53: =_xlfn.RANK.EQ(O53, $O$49:$O$53, 0) -> 4 | N53: #SpotifyWrapped | O53: {=AVERAGE( _xlfn._xlws.FILTER( Table1__3[Reach], ( (Table1__3[Hashtags Used.1] = TASK2!N53) + (Table1__3[Hashtags Used.2]= TASK2!N53) ) > 0 ) )} -> 44703.088

Sheet TASK3
E6: Task 3: Platform Performance Analysis
L10: Platform | M10: YouTube
D11: Twitter platform yields highest engagement | K11: Compare weekly follower growth rates across platforms
E12: Row Labels | F12: Sum of Engagement Rate: | L12: Row Labels | M12: Sum of Total_Followers | N12: Sum of Weekly groth rate
E13: Instagram | F13: 0.29020775 | L13: 3/3/2025 - 3/9/2025 | M13: 274567 | N13: 1.1427974
E14: Twitter | F14: 0.51044312 | L14: 3/10/2025 - 3/16/2025 | M14: 340750 | N14: -1.0774778
E15: YouTube | F15: 0.19934913 | L15: 3/17/2025 - 3/23/2025 | M15: 263488 | N15: 1.0135386
E16: Grand Total | F16: 1 | L16: 3/24/2025 - 3/30/2025 | M16: 397607 | N16: -2.2753054 | P16: Average Weekly Growth Rate of Platforms
L17: 3/31/2025 - 4/6/2025 | M17: 202234 | N17: 2.1964471 | P17: Instagram | Q17: Twitter | R17: YouTube
L18: Grand Total | M18: 1478646 | N18: 1 | P18: =AVERAGEIF('Engagement Summary'!B:B, "Instagram",Table2[Weekly groth rate] ) -> 0.31276378 | Q18: =AVERAGEIF('Engagement Summary'!B:B, "TWITTER",Table2[Weekly groth rate] ) -> 0.14875327 | R18: =AVERAGEIF('Engagement Summary'!B:B, "yOUTUBE",Table2[Weekly groth rate] ) -> #DIV/0!
C20: Visualize Ad Spend vs. Engagement using charts
D21: Row Labels | E21: Sum of Ad_Spend | F21: Sum of Engagement_Rate
D22: Instagram | E22: 1035942 | F22: 432.7
D23: Twitter | E23: 1114204 | F23: 461.34
D24: YouTube | E24: 1065782 | F24: 443.45
D25: Grand Total | E25: 3215928 | F25: 1337.49
B44: Recommend focusing on 1–2 platforms or continuing multi-platform justify with data
F46: Platform | G46: Ad_Spend
F47: Instagram | G47: =SUMIF('Engagement Summary'!B:B,"Instagram",'Engagement Summary'!H:H) -> 1030447
C48: Row Labels | D48: Sum of Engagement_Rate | F48: Twitter | G48: =SUMIF('Engagement Summary'!B:B,"Twitter",'Engagement Summary'!H:H) -> 1114204
C49: Instagram | D49: 0.32351644 | F49: Youtube | G49: =SUMIF('Engagement Summary'!B:B,"Youtube",'Engagement Summary'!H:H) -> 1065782
C50: Twitter | D50: 0.34492968 | F50: Grand Total | G50: =SUM(G47,G48,G49) -> 3210433
C51: YouTube | D51: 0.33155388
C52: Grand Total | D52: 1 | F52: Row Labels | G52: Sum of Total_Followers
F53: Instagram | G53: 15642297
F54: Twitter | G54: 14575123
F55: YouTube | G55: 16284387
F56: Grand Total | G56: 46501807
F64: insta+twitter engagement rate
F65: =SUM(GETPIVOTDATA("Engagement Rate t",$C$47,"Platform","Instagram"),GETPIVOTDATA("Engagement Rate t",$C$47,"Platform","Twitter")) -> #REF!

Sheet Task 4
C2: Most frequent hashtags and average engagement for each | N2: Text, Story,Reel performance across platforms
N4: Average of Impressions | O4: Column Labels
N5: Row Labels | O5: Reel | P5: Story | Q5: Text | R5: Grand Total
D6: All Hastags | E6: # Usage Count | F6: Engagement Rate Avg | N6: Instagram | P6: 37626.348 | Q6: 40728.53 | R6: 39926.843
D7: #NowPlaying | E7: =COUNTIF(Table1__3[[Hashtags Used.1]:[Hashtags Used.2]],D7) -> 143 | F7: {=AVERAGE(_xlfn._xlws.FILTER(Posts!O:O,(Posts!L:L=Table9[[#This Row],[All Hastags ]])+(Posts!M:M=Table9[[#This Row],[All Hastags ]])))} -> 0.098567431 | N7: Twitter | P7: 42215.747 | Q7: 40429.164 | R7: 41479.385
D8: #DiscoverWeekly | E8: =COUNTIF(Table1__3[[Hashtags Used.1]:[Hashtags Used.2]],D8) -> 130 | F8: {=AVERAGE(_xlfn._xlws.FILTER(Posts!O:O,(Posts!L:L=Table9[[#This Row],[All Hastags ]])+(Posts!M:M=Table9[[#This Row],[All Hastags ]])))} -> 0.087606633 | N8: YouTube | O8: 42546.655 | Q8: 45415.912 | R8: 44095.143
D9: #SoundtrackOfLife | E9: =COUNTIF(Table1__3[[Hashtags Used.1]:[Hashtags Used.2]],D9) -> 109 | F9: {=AVERAGE(_xlfn._xlws.FILTER(Posts!O:O,(Posts!L:L=Table9[[#This Row],[All Hastags ]])+(Posts!M:M=Table9[[#This Row],[All Hastags ]])))} -> 0.09444867 | N9: Grand Total | O9: 42546.655 | P9: 41256.145 | Q9: 41604.988 | R9: 41568.107
D10: #MusicForEveryone | E10: =COUNTIF(Table1__3[[Hashtags Used.1]:[Hashtags Used.2]],D10) -> 67 | F10: {=AVERAGE(_xlfn._xlws.FILTER(Posts!O:O,(Posts!L:L=Table9[[#This Row],[All Hastags ]])+(Posts!M:M=Table9[[#This Row],[All Hastags ]])))} -> 0.089057449
D11: #SpotifyWrapped | E11: =COUNTIF(Table1__3[[Hashtags Used.1]:[Hashtags Used.2]],D11) -> 34 | F11: {=AVERAGE(_xlfn._xlws.FILTER(Posts!O:O,(Posts!L:L=Table9[[#This Row],[All Hastags ]])+(Posts!M:M=Table9[[#This Row],[All Hastags ]])))} -> 0.086403291
D14: Most used hashtag # | E14: =INDEX(Table9[[All Hastags ]],MATCH(MAX(Table9['# Usage Count]),Table9['# Usage Count],0)) -> #NowPlaying
N22: Optimal Content Type-Platform Combinations

Sheet Task 5
E5: Compute: Total & average impressions, likes, clicks per campaign
F7: Row Labels | G7: Average of Likess | H7: Average of Clicks | I7: Average of Impressions | J7: Sum of Likess | K7: Sum of Clicks | L7: Sum of Impressions
F8: ChillVibes | G8: 3058.6623 | H8: 186.41558 | I8: 41116.026 | J8: 471034 | K8: 28708 | L8: 6331868
F9: IndieWave | G9: 2919.734 | H9: 199.11702 | I9: 42971.33 | J9: 274455 | K9: 18717 | L9: 4039305
F10: SummerBeats | G10: 3099 | H10: 191.62069 | I10: 42546.655 | J10: 89871 | K10: 5557 | L10: 1233853
F11: Wrapped2024 | G11: 2687.6087 | H11: 200.6087 | I11: 37626.348 | J11: 61815 | K11: 4614 | L11: 865406
F12: Grand Total | G12: 2990.5833 | H12: 191.98667 | I12: 41568.107 | J12: 897175 | K12: 57596 | L12: 12470432
D18: Compute: Engagement uplift during vs. before campaign
D21: Average of ENGAGEMENT RATE | E21: Column Labels
D22: Row Labels | E22: ChillVibes | F22: IndieWave | G22: SummerBeats | H22: Wrapped2024 | I22: Grand Total | K22: =(GETPIVOTDATA("ENGAGEMENT RATE",$D$21,"status of cmpign","During")-GETPIVOTDATA("ENGAGEMENT RATE",$D$21,"status of cmpign","Before"))/GETPIVOTDATA("ENGAGEMENT RATE",$D$21,"status of cmpign","Before") -> 0.23348151
D23: After | E23: 0.096937629 | F23: 0.085210186 | G23: 0.083934545 | H23: 0.1047681 | I23: 0.093968206
D24: Before | E24: 0.092728032 | F24: 0.086673079 | G24: 0.097485783 | H24: 0.08707445 | I24: 0.090475289
D25: During | E25: 0.1208618 | F25: 0.11095871 | G25: 0.078574757 | H25: 0.095604953 | I25: 0.1115996
D26: Grand Total | E26: 0.095830989 | F26: 0.088052036 | G26: 0.090106882 | H26: 0.095509124 | I26: 0.092815577
D28: Engagement uplift during vs. before campaign
D29: Hastags | E29: uplift
D30: ChillVibes | E30: =(GETPIVOTDATA("ENGAGEMENT RATE",$D$21,"Campaign_Name","ChillVibes","status of cmpign","During")-GETPIVOTDATA("ENGAGEMENT RATE",$D$21,"Campaign_Name","ChillVibes","status of cmpign","Before"))/GETPIVOTDATA("ENGAGEMENT RATE",$D$21,"Campaign_Name","ChillVibes","status of cmpign","Before") -> 0.30340093
D31: IndieWave | E31: =(GETPIVOTDATA("ENGAGEMENT RATE",$D$21,"Campaign_Name","IndieWave","status of cmpign","During")-GETPIVOTDATA("ENGAGEMENT RATE",$D$21,"Campaign_Name","IndieWave","status of cmpign","Before"))/GETPIVOTDATA("ENGAGEMENT RATE",$D$21,"Campaign_Name","IndieWave","status of cmpign","Before") -> 0.28019811
D32: SummerBeats | E32: =(GETPIVOTDATA("ENGAGEMENT RATE",$D$21,"Campaign_Name","SummerBeats","status of cmpign","During")-GETPIVOTDATA("ENGAGEMENT RATE",$D$21,"Campaign_Name","SummerBeats","status of cmpign","Before"))/GETPIVOTDATA("ENGAGEMENT RATE",$D$21,"Campaign_Name","SummerBeats","status of cmpign","Before") -> -0.19398753
D33: Wrapped2024 | E33: =(GETPIVOTDATA("ENGAGEMENT RATE",$D$21,"Campaign_Name","Wrapped2024","status of cmpign","During")-GETPIVOTDATA("ENGAGEMENT RATE",$D$21,"Campaign_Name","Wrapped2024","status of cmpign","Before"))/GETPIVOTDATA("ENGAGEMENT RATE",$D$21,"Campaign_Name","Wrapped2024","status of cmpign","Before") -> 0.097967926
D57: Evaluate: Campaign With Highest ROI | M57: Evaluate: Campaign With Strongest Follower Growth
E60: Row Labels | F60: Sum of Engagement_Rate | G60: Sum of Ad_Spend | H60: Sum of ROI | O60: Row Labels | P60: Sum of net followers grth
E61: ChillVibes | F61: 93.74 | G61: 201460 | H61: 0.10340353 | O61: ChillVibes | P61: 10142
E62: IndieWave | F62: 103.76 | G62: 246330 | H62: 0.074803319 | O62: IndieWave | P62: 12726
E63: No Campign | F63: 941.24 | G63: 2271570 | H63: 0.6881147 | O63: SummerBeats | P63: 13558
E64: SummerBeats | F64: 107.09 | G64: 252741 | H64: 0.068170934 | O64: Wrapped2024 | P64: 11361
E65: Wrapped2024 | F65: 91.66 | G65: 243827 | H65: 0.065507519 | O65: Grand Total | P65: 47787
E66: Grand Total | F66: 1337.49 | G66: 3215928 | H66: 1
P68: {=INDEX(Table2[campign name], MATCH(MAX(SUMIFS(Table2[net followers grth],Table2[campign name],Table2[campign name]) * (Table2[campign name]<>"No Campign")), SUMIFS(Table2[net followers grth],Table2[campign name],Table2[campign name]) * (Table2[campign name]<>"No Campign"),0))} -> SummerBeats
G69: {=INDEX(Table2[campign name],MATCH(MAX(SUMIFS(Table2[ROI],Table2[campign name],Table2[campign name]) *(Table2[campign name]<>"No Campign")), SUMIFS(Table2[ROI],Table2[campign name],Table2[campign name]) * (Table2[campign name]<>"No Campign"),0))} -> ChillVibes
AE70: {=INDEX(Table2[campign name],MATCH(MAX(IF(Table2[campign name]<>"No Campign",Table2[net followers grth])),Table2[net followers grth],0))} -> Wrapped2024

Sheet Task 6
C1: Ad_Spend | D1: net followers grth
C2: 23125 | D2: =Table2[[#This Row],[New_Followers]]-Table2[[#This Row],[Unfollows]] -> 1334 | G2: Identify week with highest net follower gain
C3: 22788 | D3: =Table2[[#This Row],[New_Followers]]-Table2[[#This Row],[Unfollows]] -> 909
C4: 7810 | D4: =Table2[[#This Row],[New_Followers]]-Table2[[#This Row],[Unfollows]] -> 1176
C5: 11966 | D5: =Table2[[#This Row],[New_Followers]]-Table2[[#This Row],[Unfollows]] -> 928 | G5: week with highest net follower gain
C6: 26298 | D6: =Table2[[#This Row],[New_Followers]]-Table2[[#This Row],[Unfollows]] -> 1397 | G6: =_xlfn.XLOOKUP(MAX(Table2[New_Followers]),Table2[New_Followers],Table2[Week_Start_Date]) -> 45656
C7: 22029 | D7: =Table2[[#This Row],[New_Followers]]-Table2[[#This Row],[Unfollows]] -> 452
C8: 12391 | D8: =Table2[[#This Row],[New_Followers]]-Table2[[#This Row],[Unfollows]] -> 590
C9: 14477 | D9: =Table2[[#This Row],[New_Followers]]-Table2[[#This Row],[Unfollows]] -> 1283
C10: 25040 | D10: =Table2[[#This Row],[New_Followers]]-Table2[[#This Row],[Unfollows]] -> 1302
C11: 22619 | D11: =Table2[[#This Row],[New_Followers]]-Table2[[#This Row],[Unfollows]] -> 612
C12: 12399 | D12: =Table2[[#This Row],[New_Followers]]-Table2[[#This Row],[Unfollows]] -> 1121 | G12: Correlation between Ad Spend vs. Follower Growth/App Downloads
C13: 22456 | D13: =Table2[[#This Row],[New_Followers]]-Table2[[#This Row],[Unfollows]] -> 700
C14: 19328 | D14: =Table2[[#This Row],[New_Followers]]-Table2[[#This Row],[Unfollows]] -> 714
C15: 21107 | D15: =Table2[[#This Row],[New_Followers]]-Table2[[#This Row],[Unfollows]] -> 595 | G15: correlation
C16: 12277 | D16: =Table2[[#This Row],[New_Followers]]-Table2[[#This Row],[Unfollows]] -> 1117 | G16: =CORREL(Table2[Ad_Spend],Table2[net followers grth]) -> -0.014158554
C17: 11684 | D17: =Table2[[#This Row],[New_Followers]]-Table2[[#This Row],[Unfollows]] -> 667
C18: 14412 | D18: =Table2[[#This Row],[New_Followers]]-Table2[[#This Row],[Unfollows]] -> 1371
C19: 15924 | D19: =Table2[[#This Row],[New_Followers]]-Table2[[#This Row],[Unfollows]] -> 1117
C20: 12390 | D20: =Table2[[#This Row],[New_Followers]]-Table2[[#This Row],[Unfollows]] -> 359
C21: 25742 | D21: =Table2[[#This Row],[New_Followers]]-Table2[[#This Row],[Unfollows]] -> 1098
C22: 10495 | D22: =Table2[[#This Row],[New_Followers]]-Table2[[#This Row],[Unfollows]] -> 912
C23: 7797 | D23: =Table2[[#This Row],[New_Followers]]-Table2[[#This Row],[Unfollows]] -> 792
C24: 15595 | D24: =Table2[[#This Row],[New_Followers]]-Table2[[#This Row],[Unfollows]] -> 364
C25: 24617 | D25: =Table2[[#This Row],[New_Followers]]-Table2[[#This Row],[Unfollows]] -> 1125
C26: 9847 | D26: =Table2[[#This Row],[New_Followers]]-Table2[[#This Row],[Unfollows]] -> 869
C27: 13644 | D27: =Table2[[#This Row],[New_Followers]]-Table2[[#This Row],[Unfollows]] -> 414
C28: 11421 | D28: =Table2[[#This Row],[New_Followers]]-Table2[[#This Row],[Unfollows]] -> 849
... C34: 8274 | D34: =Table2[[#This Row],[New_Followers]]-Table2[[#This Row],[Unfollows]] -> 904
C35: 6031 | D35: =Table2[[#This Row],[New_Followers]]-Table2[[#This Row],[Unfollows]] -> 909 | G35: Moving average chart to analyze follower trends
C36: 27829 | D36: =Table2[[#This Row],[New_Followers]]-Table2[[#This Row],[Unfollows]] -> 382
C37: 18267 | D37: =Table2[[#This Row],[New_Followers]]-Table2[[#This Row],[Unfollows]] -> 1009
C38: 26624 | D38: =Table2[[#This Row],[New_Followers]]-Table2[[#This Row],[Unfollows]] -> 1022
C39: 26644 | D39: =Table2[[#This Row],[New_Followers]]-Table2[[#This Row],[Unfollows]] -> 262
C40: 13051 | D40: =Table2[[#This Row],[New_Followers]]-Table2[[#This Row],[Unfollows]] -> 1166
C41: 14217 | D41: =Table2[[#This Row],[New_Followers]]-Table2[[#This Row],[Unfollows]] -> 515
C42: 16385 | D42: =Table2[[#This Row],[New_Followers]]-Table2[[#This Row],[Unfollows]] -> 956
C43: 24548 | D43: =Table2[[#This Row],[New_Followers]]-Table2[[#This Row],[Unfollows]] -> 1031
C44: 9195 | D44: =Table2[[#This Row],[New_Followers]]-Table2[[#This Row],[Unfollows]] -> 637
C45: 18071 | D45: =Table2[[#This Row],[New_Followers]]-Table2[[#This Row],[Unfollows]] -> 1268
C46: 16875 | D46: =Table2[[#This Row],[New_Followers]]-Table2[[#This Row],[Unfollows]] -> 725
C47: 9567 | D47: =Table2[[#This Row],[New_Followers]]-Table2[[#This Row],[Unfollows]] -> 471
... C201: 11418 | D201: =Table2[[#This Row],[New_Followers]]-Table2[[#This Row],[Unfollows]] -> 616

Sheet Dashboard

Sheet Rough
C7: Row Labels | D7: Sum of Likess | E7: Sum of Sharess | F7: Sum of Commentss
C8: Instagram | D8: 251473 | E8: 29285 | F8: 20818
C9: Twitter | D9: 450295 | E9: 45498 | F9: 31577
C10: YouTube | D10: 195407 | E10: 18618 | F10: 14671
C11: Grand Total | D11: 897175 | E11: 93401 | F11: 67066
C14: LIKES | D14: SHAREe | E14: COMMENT
C15: =GETPIVOTDATA("Sum of Likess",$C$7) -> 897175 | D15: =GETPIVOTDATA("Sum of Sharess",$C$7) -> 93401 | E15: =GETPIVOTDATA("Sum of Commentss",$C$7) -> 67066
H17: Row Labels | I17: Sum of Total_Followers
H18: Instagram | I18: 15642297
H19: Twitter | I19: 14575123
H20: YouTube | I20: 16284387
C21: TTL FOLLLOWS | D21: INSTA FOLLOW | E21: TWITTER FOLLOW | F21: YT FOLLOWS | H21: Grand Total | I21: 46501807
C22: =GETPIVOTDATA("Total_Followers",$H$17) -> 46501807 | D22: =GETPIVOTDATA("Total_Followers",$H$17,"Platform","Instagram") -> 15642297 | E22: =GETPIVOTDATA("Total_Followers",$H$17,"Platform","Twitter") -> 14575123 | F22: =GETPIVOTDATA("Total_Followers",$H$17,"Platform","YouTube") -> 16284387
